[{"pk": 1, "model": "shop.category", "fields": {"name": "test1", "parent": null, "image": "images/logo_.png", "is_active": true, "priority": 0, "slug": "test1"}}, {"pk": 2, "model": "shop.category", "fields": {"name": "test2", "parent": 1, "image": "images/logo__.png", "is_active": true, "priority": 0, "slug": "test2"}}, {"pk": 24, "model": "shop.category", "fields": {"name": "Dachound Draughtstop", "parent": 3, "image": "images/hdr_test_______________________________________________________________________________.jpg", "is_active": false, "priority": 0, "slug": "dachound-draughtstop"}}, {"pk": 26, "model": "shop.category", "fields": {"name": "Goose Doorstop", "parent": 3, "image": "images/hdr_test_________________________________________________________________________________.jpg", "is_active": false, "priority": 0, "slug": "goose-doorstop"}}, {"pk": 25, "model": "shop.category", "fields": {"name": "Snake Draught Excluder", "parent": 3, "image": "images/hdr_test________________________________________________________________________________.jpg", "is_active": false, "priority": 0, "slug": "snake-draught-excluder"}}, {"pk": 23, "model": "shop.category", "fields": {"name": "Cat Draughtstop", "parent": 3, "image": "images/hd_cat_draughtstop.jpg", "is_active": false, "priority": 0, "slug": "cat-draughtstop"}}, {"pk": 12, "model": "shop.category", "fields": {"name": "Fleur Di Lis", "parent": 4, "image": "images/hdr_test__________________________________________________________________________.jpg", "is_active": false, "priority": 0, "slug": "fleur-di-lis"}}, {"pk": 21, "model": "shop.category", "fields": {"name": "Scottie Dog Doorstop", "parent": 3, "image": "images/hd_scottie_dog.jpg", "is_active": false, "priority": 0, "slug": "scottie-dog-doorstop"}}, {"pk": 20, "model": "shop.category", "fields": {"name": "Cat Doorstop", "parent": 3, "image": "images/hd_cat_doorstop.jpg", "is_active": false, "priority": 0, "slug": "cat-doorstop"}}, {"pk": 18, "model": "shop.category", "fields": {"name": "Snake Draught Excluder", "parent": 3, "image": "images/hdr_test______________________________________________________________________________.jpg", "is_active": false, "priority": 0, "slug": "snake-draught-excluder"}}, {"pk": 22, "model": "shop.category", "fields": {"name": "Chef Doorstop", "parent": 3, "image": "images/hd_french_chefs.jpg", "is_active": true, "priority": 0, "slug": "chef-doorstop"}}, {"pk": 15, "model": "shop.category", "fields": {"name": "Rosewood", "parent": 4, "image": "images/hdr_test_____________________________________________________________________________.jpg", "is_active": false, "priority": 0, "slug": "rosewood"}}, {"pk": 14, "model": "shop.category", "fields": {"name": "Lady Birds", "parent": 4, "image": "images/hdr_test____________________________________________________________________________.jpg", "is_active": false, "priority": 0, "slug": "lady-birds"}}, {"pk": 7, "model": "shop.category", "fields": {"name": "French Bee", "parent": 4, "image": "images/hdr_test_____________________________________________________________________.jpg", "is_active": false, "priority": 0, "slug": "french-bee"}}, {"pk": 11, "model": "shop.category", "fields": {"name": "Birds & Berries", "parent": 4, "image": "images/hd_birds_berries.jpg", "is_active": true, "priority": 0, "slug": "birds-berries"}}, {"pk": 13, "model": "shop.category", "fields": {"name": "Poppies", "parent": 4, "image": "images/hd_poppies.jpg", "is_active": false, "priority": 0, "slug": "poppies"}}, {"pk": 10, "model": "shop.category", "fields": {"name": "Fireflies", "parent": 4, "image": "images/hd_fireflies.jpg", "is_active": false, "priority": 0, "slug": "fireflies"}}, {"pk": 16, "model": "shop.category", "fields": {"name": "Pyramid Doorstop", "parent": 3, "image": "images/hd_pyramid.jpg", "is_active": true, "priority": 0, "slug": "pyramid-doorstop"}}, {"pk": 17, "model": "shop.category", "fields": {"name": "Leather Button Doorstop", "parent": 3, "image": "images/hd_leather_button.jpg", "is_active": true, "priority": 0, "slug": "leather-button-doorstop"}}, {"pk": 19, "model": "shop.category", "fields": {"name": "Chook Doorstop", "parent": 3, "image": "images/hd_chook_doorstop.jpg", "is_active": true, "priority": 0, "slug": "chook-doorstop"}}, {"pk": 9, "model": "shop.category", "fields": {"name": "Lavender", "parent": 4, "image": "images/hd_lavender.jpg", "is_active": false, "priority": 0, "slug": "lavender"}}, {"pk": 5, "model": "shop.category", "fields": {"name": "Robins on Twig", "parent": 4, "image": "images/hdr_test____________________________________________________________________.jpg", "is_active": false, "priority": 0, "slug": "robins-twig"}}, {"pk": 3, "model": "shop.category", "fields": {"name": "Furnishings", "parent": null, "image": "images/hdr_test__________________________________________________________________.jpg", "is_active": true, "priority": 1, "slug": "furnishings"}}, {"pk": 4, "model": "shop.category", "fields": {"name": "Garden Accessories", "parent": null, "image": "images/hdr_test___________________________________________________________________.jpg", "is_active": true, "priority": 1, "slug": "garden-accessories"}}, {"pk": 8, "model": "shop.category", "fields": {"name": "Dragonfly", "parent": 4, "image": "images/hdr_test______________________________________________________________________.jpg", "is_active": false, "priority": 0, "slug": "dragonfly"}}, {"pk": 1, "model": "shop.taxrate", "fields": {"is_default": true, "rate": 1.1000000000000001, "name": "GST", "countries": [1]}}, {"pk": 1, "model": "shop.size", "fields": {"code": "XL", "name": "Matt"}}, {"pk": 2, "model": "shop.size", "fields": {"code": "XL", "name": "XL"}}, {"pk": 3, "model": "shop.size", "fields": {"code": "80x68cms-32x", "name": "80x68cms-32x27ins"}}, {"pk": 4, "model": "shop.size", "fields": {"code": "43x42cms-16x", "name": "43x42cms-16x17ins"}}, {"pk": 5, "model": "shop.size", "fields": {"code": "19x17cms-8x7", "name": "19x17cms-8x7ins"}}, {"pk": 6, "model": "shop.size", "fields": {"code": "Medium", "name": "Medium"}}, {"pk": 7, "model": "shop.size", "fields": {"code": "Large", "name": "Large"}}, {"pk": 1, "model": "shop.style", "fields": {"code": "Provincial", "name": "Provincial"}}, {"pk": 2, "model": "shop.style", "fields": {"code": "Stone", "name": "Stone"}}, {"pk": 3, "model": "shop.style", "fields": {"code": "Taupe Stripe", "name": "Taupe Stripe"}}, {"pk": 1, "model": "shop.productstatus", "fields": {"status": "Available", "can_buy": true, "display_to_user": true}}, {"pk": 2, "model": "shop.productstatus", "fields": {"status": "Unavailable", "can_buy": false, "display_to_user": false}}, {"pk": 3, "model": "shop.productstatus", "fields": {"status": "Featured", "can_buy": true, "display_to_user": true}}, {"pk": 4, "model": "shop.productstatus", "fields": {"status": "Out of Stock", "can_buy": false, "display_to_user": true}}, {"pk": 51, "model": "shop.product", "fields": {"category": 16, "status": 1, "code": "PYR_provincial_stripe", "description": "Pyramid shape Doorstop. Raspberry, taupe & creme fabric with decorative classic tassel. Sand filled. Zip to refill & clean. 23x17cms - 9x7inches.", "weight": 2000, "title": "Pyramid Provincial Stripe", "wholesale_price": 20.899999999999999, "price": 40.909999999999997, "sizes": [], "related_products": [], "wholesale_tax_rate": null, "sites": [1], "minimum_quantity_wholesale": 1, "minimum_quantity": 1, "maximum_quantity": 20, "maximum_quantity_wholesale": 20, "styles": [], "tax_rate": null}}, {"pk": 50, "model": "shop.product", "fields": {"category": 16, "status": 1, "code": "PYR_black_swirl", "description": "Pyramid shape Doorstop. Black with gold thread swirl fabric. Decorative classic tassel. Sand filled. Zip to refill & clean. 23x17cms - 9x7inches.", "weight": 2000, "title": "Pyramid Black Swirl", "wholesale_price": 20.899999999999999, "price": 40.909999999999997, "sizes": [], "related_products": [], "wholesale_tax_rate": null, "sites": [1], "minimum_quantity_wholesale": 1, "minimum_quantity": 1, "maximum_quantity": 20, "maximum_quantity_wholesale": 20, "styles": [], "tax_rate": null}}, {"pk": 49, "model": "shop.product", "fields": {"category": 16, "status": 1, "code": "PYR_charcoal_crush", "description": "Pyramid shape Doorstop. Designer crushed fabric with decorative classic tassel. Sand filled. Zip to refill & clean. 23x17cms - 9x7inches.", "weight": 2000, "title": "Pyramid Charcoal Crush", "wholesale_price": 20.899999999999999, "price": 40.909999999999997, "sizes": [], "related_products": [], "wholesale_tax_rate": null, "sites": [1], "minimum_quantity_wholesale": 1, "minimum_quantity": 1, "maximum_quantity": 20, "maximum_quantity_wholesale": 20, "styles": [], "tax_rate": null}}, {"pk": 48, "model": "shop.product", "fields": {"category": 16, "status": 1, "code": "PYR_rosewood", "description": "Pyramid shape Doorstop. Rosewood floral print with decorative classic tassel. Sand filled. Zip to refill & clean. 23x17cms - 9x7inches.\r\n\r\n", "weight": 2000, "title": "Pyramid Rosewood", "wholesale_price": 20.899999999999999, "price": 40.909999999999997, "sizes": [], "related_products": [], "wholesale_tax_rate": null, "sites": [1], "minimum_quantity_wholesale": 1, "minimum_quantity": 1, "maximum_quantity": 20, "maximum_quantity_wholesale": 20, "styles": [], "tax_rate": null}}, {"pk": 20, "model": "shop.product", "fields": {"category": 11, "status": 1, "code": "GAPR_birdsberries_provincial", "description": "Half apron, two pockets & waist ties. Garden fork, trowel & cotton gloves. Canvas/drill fabric.", "weight": 400, "title": "Birds & Berries Garden Apron W/Tools", "wholesale_price": 20.899999999999999, "price": 35.909999999999997, "sizes": [4], "related_products": [], "wholesale_tax_rate": null, "sites": [1], "minimum_quantity_wholesale": 1, "minimum_quantity": 1, "maximum_quantity": 1, "maximum_quantity_wholesale": 1, "styles": [1], "tax_rate": null}}, {"pk": 47, "model": "shop.product", "fields": {"category": 16, "status": 1, "code": "PYR_creme_gold", "description": "Pyramid shape Doorstop. Gold embossed on creme with decorative classic tassel. Sand filled. Zip to refill & clean. 23x17cms - 9x7inches.", "weight": 2000, "title": "Pyramid Creme & Gold", "wholesale_price": 20.899999999999999, "price": 40.909999999999997, "sizes": [], "related_products": [], "wholesale_tax_rate": null, "sites": [1], "minimum_quantity_wholesale": 1, "minimum_quantity": 1, "maximum_quantity": 20, "maximum_quantity_wholesale": 20, "styles": [], "tax_rate": null}}, {"pk": 45, "model": "shop.product", "fields": {"category": 16, "status": 1, "code": "PYR_natural_stripe", "description": "Pyramid shape Doorstop. Chenille natural stripe furnishing fabric. Decorative classic tassel. Sand filled. Zip to refill & clean. 23x17cms - 9x7inches.", "weight": 2000, "title": "Pyramid Natural Stripe", "wholesale_price": 20.899999999999999, "price": 40.909999999999997, "sizes": [], "related_products": [], "wholesale_tax_rate": null, "sites": [1], "minimum_quantity_wholesale": 1, "minimum_quantity": 1, "maximum_quantity": 20, "maximum_quantity_wholesale": 20, "styles": [], "tax_rate": null}}, {"pk": 44, "model": "shop.product", "fields": {"category": 16, "status": 1, "code": "PYR_olive_stripe", "description": "Pyramid shape Doorstop. Chenille olive stripe furnishing fabric with decorative classic tassel. Sand filled. Zip to refill & clean. 23x17cms - 9x7inches.", "weight": 2000, "title": "Pyramid Olive Stripe", "wholesale_price": 20.899999999999999, "price": 40.909999999999997, "sizes": [], "related_products": [], "wholesale_tax_rate": null, "sites": [1], "minimum_quantity_wholesale": 1, "minimum_quantity": 1, "maximum_quantity": 20, "maximum_quantity_wholesale": 20, "styles": [], "tax_rate": null}}, {"pk": 42, "model": "shop.product", "fields": {"category": 10, "status": 1, "code": "TTW_dragonfly", "description": "Hand towel-t-towel in cotton waffle weave fabric with piping. 67x44cms - 27x18inches.", "weight": 120, "title": "Dragonfly Hand Towel/T-Towel", "wholesale_price": 8.1999999999999993, "price": 13.18, "sizes": [], "related_products": [], "wholesale_tax_rate": null, "sites": [1], "minimum_quantity_wholesale": 1, "minimum_quantity": 1, "maximum_quantity": 20, "maximum_quantity_wholesale": 20, "styles": [], "tax_rate": null}}, {"pk": 26, "model": "shop.product", "fields": {"category": 11, "status": 1, "code": "TTW_birdsberries", "description": "Hand towel-t-towel in cotton waffle weave fabric with piping. \r\n67x44cms-27x18ins", "weight": 120, "title": "Birds & Berries Hand Towel/T-Towel", "wholesale_price": 0.0, "price": 0.0, "sizes": [], "related_products": [], "wholesale_tax_rate": null, "sites": [1], "minimum_quantity_wholesale": 1, "minimum_quantity": 1, "maximum_quantity": 20, "maximum_quantity_wholesale": 20, "styles": [], "tax_rate": null}}, {"pk": 28, "model": "shop.product", "fields": {"category": 13, "status": 1, "code": "GAPR_poppies_stone", "description": "Half apron,two pockets & waist ties. Garden fork, trowel & cotton gloves. Canvas/drill fabric.\r\n43x42cms-16x17ins", "weight": 400, "title": "Poppies Garden Apron W/Tools", "wholesale_price": 20.899999999999999, "price": 35.909999999999997, "sizes": [], "related_products": [], "wholesale_tax_rate": null, "sites": [1], "minimum_quantity_wholesale": 1, "minimum_quantity": 1, "maximum_quantity": 20, "maximum_quantity_wholesale": 20, "styles": [], "tax_rate": null}}, {"pk": 29, "model": "shop.product", "fields": {"category": 13, "status": 3, "code": "LGG_poppies_stone", "description": "Calf skin leather hands. Sleeve to protect forearms in canvas/drill fabric\r\n19x17cms-8x7ins", "weight": 150, "title": "Poppies Leather Gauntlet Gloves", "wholesale_price": 15.9, "price": 29.09, "sizes": [6, 7], "related_products": [], "wholesale_tax_rate": null, "sites": [1], "minimum_quantity_wholesale": 1, "minimum_quantity": 1, "maximum_quantity": 20, "maximum_quantity_wholesale": 20, "styles": [], "tax_rate": null}}, {"pk": 30, "model": "shop.product", "fields": {"category": 13, "status": 1, "code": "GKNE_poppies_stone", "description": "Oblong kneeler with soft rubber foam insert. Zip for cleaning. Canvas/drill fabric\r\n43x29cms-17x12ins", "weight": 200, "title": "Poppies Garden Kneeler", "wholesale_price": 23.640000000000001, "price": 13.5, "sizes": [], "related_products": [], "wholesale_tax_rate": null, "sites": [1], "minimum_quantity_wholesale": 1, "minimum_quantity": 1, "maximum_quantity": 20, "maximum_quantity_wholesale": 20, "styles": [], "tax_rate": null}}, {"pk": 27, "model": "shop.product", "fields": {"category": 13, "status": 1, "code": "APR_poppies_stone", "description": "Apron with two pockets, neck loop & waist ties. Canvas/drill fabric\r\n80x68cms-32x27ins", "weight": 240, "title": "Poppies Apron", "wholesale_price": 17.5, "price": 31.82, "sizes": [], "related_products": [], "wholesale_tax_rate": null, "sites": [1], "minimum_quantity_wholesale": 1, "minimum_quantity": 1, "maximum_quantity": 20, "maximum_quantity_wholesale": 20, "styles": [], "tax_rate": null}}, {"pk": 31, "model": "shop.product", "fields": {"category": 13, "status": 1, "code": "GGG_poppies_stone", "description": "Terracotta coloured, rubberized-cotton hands.  with sleeve to protect forearms.\r\n19x17cms-8x7ins", "weight": 100, "title": "Poppies Garden Gauntlet Gloves", "wholesale_price": 11.9, "price": 20.91, "sizes": [6, 7], "related_products": [], "wholesale_tax_rate": null, "sites": [1], "minimum_quantity_wholesale": 1, "minimum_quantity": 1, "maximum_quantity": 20, "maximum_quantity_wholesale": 20, "styles": [], "tax_rate": null}}, {"pk": 19, "model": "shop.product", "fields": {"category": 11, "status": 3, "code": "APR_birdsberries_provincial", "description": "Apron with two pockets, neck loop & waist ties. Canvas/drill fabric", "weight": 240, "title": "Birds & Berries Apron", "wholesale_price": 17.5, "price": 31.82, "sizes": [3], "related_products": [], "wholesale_tax_rate": null, "sites": [1], "minimum_quantity_wholesale": 1, "minimum_quantity": 1, "maximum_quantity": 20, "maximum_quantity_wholesale": 20, "styles": [1], "tax_rate": 1}}, {"pk": 41, "model": "shop.product", "fields": {"category": 8, "status": 3, "code": "PEG_dragonfly_taupestripe", "description": "Peg bag on hanger with easy access to pegs.Canvas.drill fabric. 40x30cms-16x12ins", "weight": 130, "title": "Dragonfly Peg Bag", "wholesale_price": 11.300000000000001, "price": 20.449999999999999, "sizes": [], "related_products": [], "wholesale_tax_rate": null, "sites": [1], "minimum_quantity_wholesale": 1, "minimum_quantity": 1, "maximum_quantity": 20, "maximum_quantity_wholesale": 20, "styles": [], "tax_rate": null}}, {"pk": 21, "model": "shop.product", "fields": {"category": 11, "status": 4, "code": "LGG_birdsberries_provincial", "description": "Calf skin leather hands. Sleeve to protect forearms in canvas/drill fabric", "weight": 150, "title": "Birds & Berries Leather Gauntlet Gloves", "wholesale_price": 15.9, "price": 29.09, "sizes": [5, 6, 7], "related_products": [], "wholesale_tax_rate": null, "sites": [1], "minimum_quantity_wholesale": 1, "minimum_quantity": 1, "maximum_quantity": 20, "maximum_quantity_wholesale": 20, "styles": [1], "tax_rate": null}}, {"pk": 35, "model": "shop.product", "fields": {"category": 8, "status": 1, "code": "APR_dragonfly_taupestripe", "description": "Apron with two pockets, neck loop & waist ties. Canvas/drill fabric. 80x68cms-32x27ins", "weight": 240, "title": "Dragonfly Apron", "wholesale_price": 17.5, "price": 31.82, "sizes": [], "related_products": [], "wholesale_tax_rate": null, "sites": [1], "minimum_quantity_wholesale": 1, "minimum_quantity": 1, "maximum_quantity": 20, "maximum_quantity_wholesale": 20, "styles": [], "tax_rate": null}}, {"pk": 36, "model": "shop.product", "fields": {"category": 8, "status": 1, "code": "GAPR_dragonfly_taupestripe", "description": "Half apron,two pockets & waist ties. Garden fork, trowel & cotton gloves. Canvas/drill fabric. ", "weight": 400, "title": "Dragonfly Garden Apron W/Tools", "wholesale_price": 20.899999999999999, "price": 35.909999999999997, "sizes": [], "related_products": [], "wholesale_tax_rate": null, "sites": [1], "minimum_quantity_wholesale": 1, "minimum_quantity": 1, "maximum_quantity": 20, "maximum_quantity_wholesale": 20, "styles": [], "tax_rate": null}}, {"pk": 37, "model": "shop.product", "fields": {"category": 8, "status": 3, "code": "LGG_dragonfly_taupestripe", "description": "Calf skin leather hands. Sleeve to protect forearms in canvas/drill fabric. 19x17cms-8x7ins", "weight": 150, "title": "Dragonfly Leather Gauntlet Gloves", "wholesale_price": 15.9, "price": 29.09, "sizes": [6, 7], "related_products": [], "wholesale_tax_rate": null, "sites": [1], "minimum_quantity_wholesale": 1, "minimum_quantity": 1, "maximum_quantity": 20, "maximum_quantity_wholesale": 20, "styles": [], "tax_rate": null}}, {"pk": 38, "model": "shop.product", "fields": {"category": 8, "status": 1, "code": "GKNE_dragonfly_taupestripe", "description": "Oblong kneeler with soft rubber foam insert. Zip for cleaning. Canvas/drill fabric. 43x29cms-17x12ins\r\n", "weight": 200, "title": "Dragonfly Garden Kneeler", "wholesale_price": 13.5, "price": 23.640000000000001, "sizes": [], "related_products": [], "wholesale_tax_rate": null, "sites": [1], "minimum_quantity_wholesale": 1, "minimum_quantity": 1, "maximum_quantity": 20, "maximum_quantity_wholesale": 20, "styles": [], "tax_rate": null}}, {"pk": 34, "model": "shop.product", "fields": {"category": 13, "status": 1, "code": "TTW_poppies", "description": "Hand towel-t-towel in cotton waffle weave fabric with piping. 67x44cms-27x18ins", "weight": 120, "title": "Poppies Hand Towel/T-Towel", "wholesale_price": 13.18, "price": 8.1999999999999993, "sizes": [], "related_products": [], "wholesale_tax_rate": null, "sites": [1], "minimum_quantity_wholesale": 1, "minimum_quantity": 1, "maximum_quantity": 20, "maximum_quantity_wholesale": 20, "styles": [], "tax_rate": null}}, {"pk": 32, "model": "shop.product", "fields": {"category": 13, "status": 1, "code": "IBC_poppies_stone", "description": "Large heavy duty canvas/drill cover with drawstring foam padding, Fits most sizes\r\n151x60cms-60x24ins", "weight": 130, "title": "Poppies Ironing Board Cover", "wholesale_price": 26.899999999999999, "price": 50.0, "sizes": [], "related_products": [], "wholesale_tax_rate": null, "sites": [1], "minimum_quantity_wholesale": 1, "minimum_quantity": 1, "maximum_quantity": 20, "maximum_quantity_wholesale": 20, "styles": [], "tax_rate": null}}, {"pk": 33, "model": "shop.product", "fields": {"category": 13, "status": 3, "code": "PEG_poppies_stone", "description": "Peg bag on hanger with easy access to pegs.Canvas.drill fabric.", "weight": 130, "title": "Poppies Peg Bag", "wholesale_price": 20.449999999999999, "price": 11.300000000000001, "sizes": [], "related_products": [], "wholesale_tax_rate": null, "sites": [1], "minimum_quantity_wholesale": 1, "minimum_quantity": 1, "maximum_quantity": 20, "maximum_quantity_wholesale": 20, "styles": [], "tax_rate": null}}, {"pk": 40, "model": "shop.product", "fields": {"category": 8, "status": 1, "code": "IBC_dragonfly_taupestripe", "description": "Large heavy duty canvas/drill cover with drawstring foam padding,Fits most sizes. 151x60cms-60x24ins", "weight": 530, "title": "Dragonfly Ironing Board Cover", "wholesale_price": 26.899999999999999, "price": 50.0, "sizes": [], "related_products": [], "wholesale_tax_rate": null, "sites": [1], "minimum_quantity_wholesale": 1, "minimum_quantity": 1, "maximum_quantity": 20, "maximum_quantity_wholesale": 20, "styles": [], "tax_rate": null}}, {"pk": 39, "model": "shop.product", "fields": {"category": 8, "status": 1, "code": "GGG_dragonfly_taupestripe", "description": "Terracotta coloured, rubberized-cotton hands.  with sleeve to protect forearms. 19x17cms-8x7ins\r\n\r\n", "weight": 100, "title": "Dragonfly Garden Gauntlet Gloves", "wholesale_price": 11.9, "price": 20.91, "sizes": [6, 7], "related_products": [], "wholesale_tax_rate": null, "sites": [1], "minimum_quantity_wholesale": 1, "minimum_quantity": 1, "maximum_quantity": 20, "maximum_quantity_wholesale": 20, "styles": [], "tax_rate": null}}, {"pk": 22, "model": "shop.product", "fields": {"category": 11, "status": 1, "code": "GKNE_birdsberries_provincial", "description": "Oblong kneeler with soft rubber foam insert. Zip for cleaning. Canvas/drill fabric\r\n43x29cms-17x12ins", "weight": 200, "title": "Birds & Berries Garden Kneeler", "wholesale_price": 13.5, "price": 23.640000000000001, "sizes": [], "related_products": [], "wholesale_tax_rate": null, "sites": [1], "minimum_quantity_wholesale": 1, "minimum_quantity": 1, "maximum_quantity": 20, "maximum_quantity_wholesale": 20, "styles": [], "tax_rate": null}}, {"pk": 24, "model": "shop.product", "fields": {"category": 11, "status": 1, "code": "IBC_birdsberries_provincial", "description": "Large heavy duty canvas/drill cover with drawstring foam padding, fits most sizes\r\n151x60cms-60x24ins", "weight": 530, "title": "Birds & Berries Ironing Board Cover", "wholesale_price": 26.899999999999999, "price": 50.0, "sizes": [], "related_products": [], "wholesale_tax_rate": null, "sites": [1], "minimum_quantity_wholesale": 1, "minimum_quantity": 1, "maximum_quantity": 20, "maximum_quantity_wholesale": 20, "styles": [], "tax_rate": null}}, {"pk": 25, "model": "shop.product", "fields": {"category": 11, "status": 1, "code": "PEG_birdsberries_provincial", "description": "Peg bag on hanger with easy access to pegs. Canvas drill fabric.\r\n40x30cms-16x12ins", "weight": 130, "title": "Birds & Berries Peg Bag", "wholesale_price": 11.300000000000001, "price": 20.449999999999999, "sizes": [], "related_products": [], "wholesale_tax_rate": null, "sites": [1], "minimum_quantity_wholesale": 1, "minimum_quantity": 1, "maximum_quantity": 20, "maximum_quantity_wholesale": 20, "styles": [], "tax_rate": null}}, {"pk": 23, "model": "shop.product", "fields": {"category": 11, "status": 1, "code": "GGG_birdsberries_provincial", "description": "Terracotta coloured, rubberized-cotton hands.  with sleeve to protect forearms.\r\n19x17cms-8x7ins", "weight": 100, "title": "Birds & Berries Garden Gauntlet Gloves", "wholesale_price": 11.9, "price": 20.91, "sizes": [6, 7], "related_products": [], "wholesale_tax_rate": null, "sites": [1], "minimum_quantity_wholesale": 1, "minimum_quantity": 1, "maximum_quantity": 20, "maximum_quantity_wholesale": 20, "styles": [], "tax_rate": null}}, {"pk": 46, "model": "shop.product", "fields": {"category": 16, "status": 1, "code": "PYR_Black_Gold", "description": "Pyramid shape Doorstop. Gold embossed on black with decorative classic tassel. Sand filled. Zip to refill & clean. 23x17cms-9x7ins", "weight": 2000, "title": "Pyramid Black & Gold", "wholesale_price": 20.899999999999999, "price": 40.909999999999997, "sizes": [], "related_products": [], "wholesale_tax_rate": null, "sites": [1], "minimum_quantity_wholesale": 1, "minimum_quantity": 1, "maximum_quantity": 20, "maximum_quantity_wholesale": 20, "styles": [], "tax_rate": null}}, {"pk": 63, "model": "shop.product", "fields": {"category": 16, "status": 1, "code": "PYR_charcoal", "description": "Pyramid shape Doorstop. Designer crush fabric with decorative classic tassel. Sand filled. Zip to refill & clean. 23x17cms - 9x7inches.", "weight": 2000, "title": "Pyramid Charcoal", "wholesale_price": 20.899999999999999, "price": 40.909999999999997, "sizes": [], "related_products": [], "wholesale_tax_rate": null, "sites": [1], "minimum_quantity_wholesale": 1, "minimum_quantity": 1, "maximum_quantity": 20, "maximum_quantity_wholesale": 20, "styles": [], "tax_rate": null}}, {"pk": 62, "model": "shop.product", "fields": {"category": 16, "status": 1, "code": "PYR_taupe_stripe", "description": "Pyramid shape Doorstop. Mushroom/ camel stripe fabric with decorative classic tassel. Sand filled. Zip to refill & clean. 23x17cms - 9x7inches.", "weight": 2000, "title": "Pyramid Taupe Stripe", "wholesale_price": 20.899999999999999, "price": 40.909999999999997, "sizes": [], "related_products": [], "wholesale_tax_rate": null, "sites": [1], "minimum_quantity_wholesale": 1, "minimum_quantity": 1, "maximum_quantity": 20, "maximum_quantity_wholesale": 20, "styles": [], "tax_rate": null}}, {"pk": 61, "model": "shop.product", "fields": {"category": 16, "status": 1, "code": "PYR_taupe_spot", "description": "Pyramid shape Doorstop. Chocolate/mushroom stripe fabric with decorative classic tassel. Sand filled. Zip to refill & clean. 23x17cms - 9x7inches.", "weight": 2000, "title": "Pyramid Taupe Spot", "wholesale_price": 20.899999999999999, "price": 40.909999999999997, "sizes": [], "related_products": [70], "wholesale_tax_rate": null, "sites": [1], "minimum_quantity_wholesale": 1, "minimum_quantity": 1, "maximum_quantity": 20, "maximum_quantity_wholesale": 20, "styles": [], "tax_rate": null}}, {"pk": 60, "model": "shop.product", "fields": {"category": 16, "status": 3, "code": "PYR_red_spot", "description": "Pyramid shape Doorstop. Cranberry/mustard with silver thread stripe. Decorative tassel. Sand filled. Zip to refill & clean. 23x17cms - 9x7inches.\r\n", "weight": 2000, "title": "Pyramid Red Spot", "wholesale_price": 20.899999999999999, "price": 40.909999999999997, "sizes": [], "related_products": [69], "wholesale_tax_rate": null, "sites": [1], "minimum_quantity_wholesale": 1, "minimum_quantity": 1, "maximum_quantity": 20, "maximum_quantity_wholesale": 20, "styles": [], "tax_rate": null}}, {"pk": 53, "model": "shop.product", "fields": {"category": 16, "status": 1, "code": "PYR_silver_black_flower", "description": "Pyramid shape Doorstop. Sliver & black leaf designed fabric with decorative classic tassel. Sand filled. Zip to refill & clean. 23x17cms - 9x7inches.", "weight": 2000, "title": "Pyramid Silver Black Flower", "wholesale_price": 20.899999999999999, "price": 40.909999999999997, "sizes": [], "related_products": [], "wholesale_tax_rate": null, "sites": [1], "minimum_quantity_wholesale": 1, "minimum_quantity": 1, "maximum_quantity": 20, "maximum_quantity_wholesale": 20, "styles": [], "tax_rate": null}}, {"pk": 52, "model": "shop.product", "fields": {"category": 16, "status": 1, "code": "PYR_silver_black_stripe", "description": "Pyramid shape Doorstop. Silver, black & creme stripe fabric with decorative classic tassel. Sand filled. Zip to refill & clean. 23x17cms - 9x7inches.", "weight": 2000, "title": "Pyramid Silver Black Stripe", "wholesale_price": 20.899999999999999, "price": 40.909999999999997, "sizes": [], "related_products": [], "wholesale_tax_rate": null, "sites": [1], "minimum_quantity_wholesale": 1, "minimum_quantity": 1, "maximum_quantity": 20, "maximum_quantity_wholesale": 20, "styles": [], "tax_rate": null}}, {"pk": 70, "model": "shop.product", "fields": {"category": 19, "status": 3, "code": "DSTOP_chook_taupe_spot", "description": "Chook doorstop. Straw necktie. Canvas/drill fabric. Sand & polyester filled. Zip to clean. 30x30cms-12x12ins\r\n", "weight": 2800, "title": "Chook Doorstop Taupe Spot", "wholesale_price": 20.0, "price": 40.0, "sizes": [6, 7], "related_products": [61], "wholesale_tax_rate": 1, "sites": [1], "minimum_quantity_wholesale": 5, "minimum_quantity": 1, "maximum_quantity": 20, "maximum_quantity_wholesale": 10, "styles": [], "tax_rate": null}}, {"pk": 69, "model": "shop.product", "fields": {"category": 19, "status": 1, "code": "DSTOP_chook_red_spot", "description": "Chook doorstop. Straw necktie. Canvas/drill fabric. Sand & polyester filled. Zip to clean. 30x30cms-12x12ins\r\n", "weight": 2800, "title": "Chook Doorstop Red Spot", "wholesale_price": 23.0, "price": 41.82, "sizes": [], "related_products": [60, 69], "wholesale_tax_rate": null, "sites": [1], "minimum_quantity_wholesale": 1, "minimum_quantity": 1, "maximum_quantity": 20, "maximum_quantity_wholesale": 20, "styles": [], "tax_rate": null}}, {"pk": 59, "model": "shop.product", "fields": {"category": 16, "status": 1, "code": "PYR_tufted_bronze", "description": "Pyramid shape Doorstop. Bronze & brown tufted fabric with decorative classic tassel. Sand filled. Zip to refill & clean. 23x17cms - 9x7inches.", "weight": 2000, "title": "Pyramid Tufted Bronze", "wholesale_price": 20.899999999999999, "price": 40.909999999999997, "sizes": [], "related_products": [], "wholesale_tax_rate": null, "sites": [1], "minimum_quantity_wholesale": 1, "minimum_quantity": 1, "maximum_quantity": 20, "maximum_quantity_wholesale": 20, "styles": [], "tax_rate": null}}, {"pk": 58, "model": "shop.product", "fields": {"category": 16, "status": 1, "code": "PYR_black_white_check", "description": "Pyramid shape Doorstop. Black & white check fabric with decorative classic tassel. Sand filled. Zip to refill & clean. 23x17cms - 9x7inches.", "weight": 2000, "title": "Pyramid Black & White Check", "wholesale_price": 20.899999999999999, "price": 40.909999999999997, "sizes": [], "related_products": [], "wholesale_tax_rate": null, "sites": [1], "minimum_quantity_wholesale": 1, "minimum_quantity": 1, "maximum_quantity": 20, "maximum_quantity_wholesale": 20, "styles": [], "tax_rate": null}}, {"pk": 57, "model": "shop.product", "fields": {"category": 16, "status": 1, "code": "PYR_printed_bird", "description": "Pyramid shape Doorstop. Little bird printed black on taupe with decorative classic tassel. Sand filled. Zip to refill & clean. 23x17cms - 9x7inches.", "weight": 2000, "title": "Pyramid Printed Bird", "wholesale_price": 2.0, "price": 40.909999999999997, "sizes": [], "related_products": [], "wholesale_tax_rate": null, "sites": [1], "minimum_quantity_wholesale": 1, "minimum_quantity": 1, "maximum_quantity": 20, "maximum_quantity_wholesale": 20, "styles": [], "tax_rate": null}}, {"pk": 43, "model": "shop.product", "fields": {"category": 16, "status": 1, "code": "PYR_doorstop_burgundy_leaf", "description": "Pyramid shape Doorstop. Chenille burgundy stripe furnishing fabric. Decorative classic tassel. Sand filled. Zip to refill & clean. 23x17cms-9x7ins", "weight": 2000, "title": "Pyramid Doorstop Burgundy Leaf", "wholesale_price": 20.899999999999999, "price": 40.909999999999997, "sizes": [], "related_products": [], "wholesale_tax_rate": null, "sites": [1], "minimum_quantity_wholesale": 1, "minimum_quantity": 1, "maximum_quantity": 20, "maximum_quantity_wholesale": 20, "styles": [], "tax_rate": null}}, {"pk": 68, "model": "shop.product", "fields": {"category": 19, "status": 3, "code": "DSTOP_chook_black_white_check", "description": "Chook doorstop. Straw necktie. Canvas/drill fabric. Sand & polyester filled. Zip to clean. 30x30cms-12x12ins", "weight": 2800, "title": "Chook Doorstop Black & White Check", "wholesale_price": 23.0, "price": 41.82, "sizes": [], "related_products": [], "wholesale_tax_rate": null, "sites": [1], "minimum_quantity_wholesale": 1, "minimum_quantity": 1, "maximum_quantity": 20, "maximum_quantity_wholesale": 20, "styles": [], "tax_rate": null}}, {"pk": 56, "model": "shop.product", "fields": {"category": 16, "status": 1, "code": "PYR_printed_french_bee", "description": "Pyramid shape Doorstop. Gold bees on black fabric with  classic tassel. Sand filled. Zip to refill & clean. 23x17cms - 9x7inches.", "weight": 2000, "title": "Pyramid Printed French Bee", "wholesale_price": 20.899999999999999, "price": 40.909999999999997, "sizes": [], "related_products": [], "wholesale_tax_rate": null, "sites": [1], "minimum_quantity_wholesale": 1, "minimum_quantity": 1, "maximum_quantity": 20, "maximum_quantity_wholesale": 20, "styles": [], "tax_rate": null}}, {"pk": 55, "model": "shop.product", "fields": {"category": 16, "status": 1, "code": "PYR_printed_fleurdilis", "description": "Pyramid shape Doorstop. Gold printed fleur de lis on black canvas. Decorative classic tassel. Sand filled. Zip to refill & clean. 23x17cms - 9x7inches.", "weight": 2000, "title": "Pyramid Printed Fleur Di Lis", "wholesale_price": 20.899999999999999, "price": 40.909999999999997, "sizes": [], "related_products": [], "wholesale_tax_rate": null, "sites": [1], "minimum_quantity_wholesale": 1, "minimum_quantity": 1, "maximum_quantity": 20, "maximum_quantity_wholesale": 20, "styles": [], "tax_rate": null}}, {"pk": 66, "model": "shop.product", "fields": {"category": 19, "status": 2, "code": "DSTOP_chook_cocoa", "description": "Chook doorstop. Straw necktie. Canvas/drill fabric. Sand & polyester filled. Zip to clean. 30x30cms-12x12ins", "weight": 0, "title": "Chook Doorstop Cocoa", "wholesale_price": 23.0, "price": 41.82, "sizes": [], "related_products": [], "wholesale_tax_rate": null, "sites": [1], "minimum_quantity_wholesale": 1, "minimum_quantity": 1, "maximum_quantity": 20, "maximum_quantity_wholesale": 20, "styles": [], "tax_rate": null}}, {"pk": 65, "model": "shop.product", "fields": {"category": 22, "status": 3, "code": "DSTOP_chef_black_white_stripe", "description": "Chef doorstop with hat & kitchen utensil. Canvas drill fabric. Polyester & sand filled. Zip to clean. 23x17cms-9x7ins\r\n", "weight": 2600, "title": "Chef Doorstop Black & White stripe", "wholesale_price": 19.899999999999999, "price": 35.450000000000003, "sizes": [], "related_products": [], "wholesale_tax_rate": null, "sites": [1], "minimum_quantity_wholesale": 1, "minimum_quantity": 1, "maximum_quantity": 20, "maximum_quantity_wholesale": 20, "styles": [], "tax_rate": null}}, {"pk": 64, "model": "shop.product", "fields": {"category": 22, "status": 1, "code": "DSTOP_chef_cocoa", "description": "Chef doorstop with hat & kitchen utensil. Canvas drill fabric. Polyester & sand filled. Zip to clean. 23x17cms-9x7ins\r\n", "weight": 2600, "title": "Chef Doorstop Cocoa", "wholesale_price": 19.899999999999999, "price": 35.450000000000003, "sizes": [], "related_products": [], "wholesale_tax_rate": null, "sites": [1], "minimum_quantity_wholesale": 1, "minimum_quantity": 1, "maximum_quantity": 20, "maximum_quantity_wholesale": 20, "styles": [], "tax_rate": null}}, {"pk": 54, "model": "shop.product", "fields": {"category": 16, "status": 1, "code": "PYR_printed_dragonfly", "description": "Pyramid shape Doorstop. Black dragonfly on taupe with decorative classic tassel. Sand filled. Zip to refill & clean. 23x17cms - 9x7inches.", "weight": 2000, "title": "Pyramid Printed Dragonfly", "wholesale_price": 20.899999999999999, "price": 40.909999999999997, "sizes": [], "related_products": [], "wholesale_tax_rate": null, "sites": [1], "minimum_quantity_wholesale": 1, "minimum_quantity": 1, "maximum_quantity": 20, "maximum_quantity_wholesale": 20, "styles": [], "tax_rate": null}}, {"pk": 67, "model": "shop.product", "fields": {"category": 19, "status": 1, "code": "DSTOP_chook_taupe_stripe", "description": "Chook doorstop. Straw necktie. Canvas/drill fabric. Sand & polyester filled. Zip to clean. 30x30cms-12x12ins", "weight": 2800, "title": "Chook Doorstop Taupe Stripe", "wholesale_price": 23.0, "price": 41.82, "sizes": [], "related_products": [], "wholesale_tax_rate": 1, "sites": [1], "minimum_quantity_wholesale": 1, "minimum_quantity": 1, "maximum_quantity": 20, "maximum_quantity_wholesale": 20, "styles": [], "tax_rate": null}}, {"pk": 55, "model": "shop.productimage", "fields": {"is_featured_image": false, "product": 70, "image": "images/DSTOP_chook_taupestripe___.jpg", "title": ""}}, {"pk": 56, "model": "shop.productimage", "fields": {"is_featured_image": false, "product": 69, "image": "images/DSTOP_chook_redspot__.jpg", "title": "DSTOP_chook_red_spot"}}, {"pk": 19, "model": "shop.productimage", "fields": {"is_featured_image": true, "product": 19, "image": "images/APR_birdsandberries_provincial.jpg", "title": "Bird & Berries Apron Provincial"}}, {"pk": 21, "model": "shop.productimage", "fields": {"is_featured_image": false, "product": 20, "image": "images/GAPR_birdsandberries_provincial.jpg", "title": "Bird & Berries Garden Apron W/Tools"}}, {"pk": 23, "model": "shop.productimage", "fields": {"is_featured_image": false, "product": 22, "image": "images/GKNE_birdsandberries_provincial.jpg", "title": ""}}, {"pk": 24, "model": "shop.productimage", "fields": {"is_featured_image": false, "product": 23, "image": "images/GGG_fireflies_stone_.jpg", "title": ""}}, {"pk": 25, "model": "shop.productimage", "fields": {"is_featured_image": false, "product": 21, "image": "images/LGG_fireflies_stone.jpg", "title": ""}}, {"pk": 26, "model": "shop.productimage", "fields": {"is_featured_image": false, "product": 24, "image": "images/IBC_birdsandberries_provincial.jpg", "title": ""}}, {"pk": 27, "model": "shop.productimage", "fields": {"is_featured_image": false, "product": 25, "image": "images/PEG_birdsandberries_provincial.jpg", "title": ""}}, {"pk": 28, "model": "shop.productimage", "fields": {"is_featured_image": false, "product": 26, "image": "images/TTW_birdsandberries.jpg", "title": ""}}, {"pk": 29, "model": "shop.productimage", "fields": {"is_featured_image": false, "product": 43, "image": "images/PYR_burgundyleaf_.jpg", "title": ""}}, {"pk": 30, "model": "shop.productimage", "fields": {"is_featured_image": false, "product": 44, "image": "images/PYR_olivestripe_.jpg", "title": ""}}, {"pk": 31, "model": "shop.productimage", "fields": {"is_featured_image": false, "product": 45, "image": "images/PYR_naturalstripe_.jpg", "title": ""}}, {"pk": 32, "model": "shop.productimage", "fields": {"is_featured_image": false, "product": 48, "image": "images/PYR_rosewood_.jpg", "title": ""}}, {"pk": 33, "model": "shop.productimage", "fields": {"is_featured_image": false, "product": 49, "image": "images/PYR_charcoalcrush_.jpg", "title": ""}}, {"pk": 34, "model": "shop.productimage", "fields": {"is_featured_image": false, "product": 50, "image": "images/PYR_blackswirl_.jpg", "title": ""}}, {"pk": 35, "model": "shop.productimage", "fields": {"is_featured_image": false, "product": 51, "image": "images/PYR_provincialstripe_.jpg", "title": ""}}, {"pk": 36, "model": "shop.productimage", "fields": {"is_featured_image": false, "product": 52, "image": "images/PYR_silverblackstripe_.jpg", "title": ""}}, {"pk": 37, "model": "shop.productimage", "fields": {"is_featured_image": false, "product": 53, "image": "images/PYR_silverblackflower_.jpg", "title": ""}}, {"pk": 38, "model": "shop.productimage", "fields": {"is_featured_image": false, "product": 54, "image": "images/PYR_dragonfly_.jpg", "title": ""}}, {"pk": 39, "model": "shop.productimage", "fields": {"is_featured_image": false, "product": 55, "image": "images/PYR_fleurdilis_.jpg", "title": ""}}, {"pk": 40, "model": "shop.productimage", "fields": {"is_featured_image": false, "product": 56, "image": "images/PYR_frenchbee_.jpg", "title": ""}}, {"pk": 41, "model": "shop.productimage", "fields": {"is_featured_image": false, "product": 57, "image": "images/PYR_bird_.jpg", "title": ""}}, {"pk": 42, "model": "shop.productimage", "fields": {"is_featured_image": false, "product": 59, "image": "images/PYR_tuftedbronze_.jpg", "title": ""}}, {"pk": 43, "model": "shop.productimage", "fields": {"is_featured_image": false, "product": 60, "image": "images/PYR_redspot_.jpg", "title": ""}}, {"pk": 44, "model": "shop.productimage", "fields": {"is_featured_image": false, "product": 61, "image": "images/PYR_taupespot_.jpg", "title": ""}}, {"pk": 45, "model": "shop.productimage", "fields": {"is_featured_image": false, "product": 62, "image": "images/PYR_taupestripe_.jpg", "title": ""}}, {"pk": 46, "model": "shop.productimage", "fields": {"is_featured_image": false, "product": 63, "image": "images/PYR_charcoal.jpg", "title": ""}}, {"pk": 47, "model": "shop.productimage", "fields": {"is_featured_image": false, "product": 64, "image": "images/cocoa.jpg", "title": ""}}, {"pk": 48, "model": "shop.productimage", "fields": {"is_featured_image": false, "product": 65, "image": "images/blackWhite_stripe.jpg", "title": ""}}, {"pk": 49, "model": "shop.productimage", "fields": {"is_featured_image": false, "product": 66, "image": "images/DSTOP_chook_cocoa_.jpg", "title": ""}}, {"pk": 50, "model": "shop.productimage", "fields": {"is_featured_image": false, "product": 67, "image": "images/DSTOP_chook_taupestripe__.jpg", "title": ""}}, {"pk": 51, "model": "shop.productimage", "fields": {"is_featured_image": true, "product": 68, "image": "images/DSTOP_chook_bwcheck_.jpg", "title": ""}}, {"pk": 52, "model": "shop.productimage", "fields": {"is_featured_image": false, "product": 70, "image": "images/DSTOP_chook_taupespot_.jpg", "title": ""}}, {"pk": 53, "model": "shop.productimage", "fields": {"is_featured_image": false, "product": 70, "image": "images/DSTOP_chook_redspot_.jpg", "title": ""}}, {"pk": 54, "model": "shop.productimage", "fields": {"is_featured_image": false, "product": 70, "image": "images/DSTOP_chook_bwcheck__.jpg", "title": ""}}, {"pk": 2, "model": "shop.discountprice", "fields": {"wholesale_price": 25.0, "product": 60, "end": "2010-04-30 06:49:47", "price": 45.0, "start": "2010-04-23 07:01:21"}}, {"pk": 3, "model": "shop.discountprice", "fields": {"wholesale_price": 20.0, "product": 67, "end": "2010-06-24 06:54:07", "price": 32.0, "start": "2010-04-28 17:06:25"}}, {"pk": 1, "model": "shop.orderstatus", "fields": {"status": "In Progress"}}, {"pk": 2, "model": "shop.orderstatus", "fields": {"status": "Ordered"}}, {"pk": 3, "model": "shop.orderstatus", "fields": {"status": "Shipped"}}, {"pk": 37, "model": "shop.order", "fields": {"status": 1, "updated": "2010-05-31 11:11:12", "started": "2010-05-31 11:08:34", "is_wholesale": true, "shipping_charged": 6.3799999999999999, "user": 24, "total_charged": 1062.78, "tax_charged": 20.0}}, {"pk": 38, "model": "shop.order", "fields": {"status": 1, "updated": "2010-05-31 12:06:27", "started": "2010-05-31 12:06:27", "is_wholesale": false, "shipping_charged": 0.0, "user": null, "total_charged": 0.0, "tax_charged": 0.0}}, {"pk": 40, "model": "shop.order", "fields": {"status": 1, "updated": "2010-06-02 16:28:26", "started": "2010-06-02 16:28:26", "is_wholesale": true, "shipping_charged": 0.0, "user": 23, "total_charged": 23.0, "tax_charged": 0.0}}, {"pk": 41, "model": "shop.order", "fields": {"status": 1, "updated": "2010-06-02 17:16:22", "started": "2010-06-02 17:16:22", "is_wholesale": false, "shipping_charged": 0.0, "user": null, "total_charged": 0.0, "tax_charged": 0.0}}, {"pk": 39, "model": "shop.order", "fields": {"status": 1, "updated": "2010-06-03 17:17:12", "started": "2010-06-02 10:30:57", "is_wholesale": true, "shipping_charged": 0.0, "user": 14, "total_charged": 99.5, "tax_charged": 0.0}}, {"pk": 27, "model": "shop.order", "fields": {"status": 1, "updated": "2010-04-28 15:47:09", "started": "2010-04-28 15:47:09", "is_wholesale": false, "shipping_charged": 0.0, "user": null, "total_charged": 0.0, "tax_charged": 0.0}}, {"pk": 43, "model": "shop.order", "fields": {"status": 1, "updated": "2010-06-03 17:19:02", "started": "2010-06-03 17:18:56", "is_wholesale": true, "shipping_charged": 6.3799999999999999, "user": 25, "total_charged": 49.280000000000001, "tax_charged": 0.0}}, {"pk": 44, "model": "shop.order", "fields": {"status": 1, "updated": "2010-06-03 17:19:22", "started": "2010-06-03 17:19:22", "is_wholesale": false, "shipping_charged": 0.0, "user": null, "total_charged": 0.0, "tax_charged": 0.0}}, {"pk": 28, "model": "shop.order", "fields": {"status": 1, "updated": "2010-04-28 15:48:59", "started": "2010-04-28 15:48:59", "is_wholesale": true, "shipping_charged": 0.0, "user": 22, "total_charged": 0.0, "tax_charged": 0.0}}, {"pk": 42, "model": "shop.order", "fields": {"status": 1, "updated": "2010-06-04 13:43:47", "started": "2010-06-03 13:44:32", "is_wholesale": false, "shipping_charged": 6.3799999999999999, "user": null, "total_charged": 85.069999999999993, "tax_charged": 1.4199999999999999}}, {"pk": 19, "model": "shop.order", "fields": {"status": 1, "updated": "2010-04-23 06:55:00", "started": "2010-04-23 06:54:17", "is_wholesale": true, "shipping_charged": 0.0, "user": 16, "total_charged": 252.44999999999999, "tax_charged": 22.949999999999999}}, {"pk": 30, "model": "shop.order", "fields": {"status": 1, "updated": "2010-05-20 16:47:26", "started": "2010-05-20 16:47:26", "is_wholesale": false, "shipping_charged": 0.0, "user": null, "total_charged": 0.0, "tax_charged": 0.0}}, {"pk": 20, "model": "shop.order", "fields": {"status": 1, "updated": "2010-04-23 06:57:54", "started": "2010-04-23 06:57:31", "is_wholesale": true, "shipping_charged": 0.0, "user": 16, "total_charged": 181.06, "tax_charged": 16.460000000000001}}, {"pk": 21, "model": "shop.order", "fields": {"status": 1, "updated": "2010-04-23 06:58:47", "started": "2010-04-23 06:58:47", "is_wholesale": false, "shipping_charged": 0.0, "user": null, "total_charged": 0.0, "tax_charged": 0.0}}, {"pk": 26, "model": "shop.order", "fields": {"status": 1, "updated": "2010-05-20 17:15:22", "started": "2010-04-28 14:35:49", "is_wholesale": true, "shipping_charged": 0.0, "user": 16, "total_charged": 188.53999999999999, "tax_charged": 17.140000000000001}}, {"pk": 29, "model": "shop.order", "fields": {"status": 1, "updated": "2010-05-28 15:09:21", "started": "2010-04-28 15:52:33", "is_wholesale": true, "shipping_charged": 6.3799999999999999, "user": 20, "total_charged": 71.980000000000004, "tax_charged": 0.0}}, {"pk": 31, "model": "shop.order", "fields": {"status": 1, "updated": "2010-05-28 15:16:24", "started": "2010-05-28 15:16:24", "is_wholesale": false, "shipping_charged": 0.0, "user": null, "total_charged": 0.0, "tax_charged": 0.0}}, {"pk": 22, "model": "shop.order", "fields": {"status": 1, "updated": "2010-04-23 07:01:04", "started": "2010-04-23 07:00:31", "is_wholesale": true, "shipping_charged": 5.0, "user": 17, "total_charged": 77.0, "tax_charged": 7.0}}, {"pk": 23, "model": "shop.order", "fields": {"status": 3, "updated": "2010-04-23 10:19:58", "started": "2010-04-23 10:12:33", "is_wholesale": false, "shipping_charged": 0.0, "user": null, "total_charged": 0.0, "tax_charged": 0.0}}, {"pk": 24, "model": "shop.order", "fields": {"status": 1, "updated": "2010-04-28 11:00:04", "started": "2010-04-28 11:00:04", "is_wholesale": true, "shipping_charged": 0.0, "user": 16, "total_charged": 25.300000000000001, "tax_charged": 2.2999999999999998}}, {"pk": 45, "model": "shop.order", "fields": {"status": 1, "updated": "2010-06-04 14:52:30", "started": "2010-06-04 14:47:41", "is_wholesale": true, "shipping_charged": 6.3799999999999999, "user": 27, "total_charged": 111.62, "tax_charged": 0.0}}, {"pk": 46, "model": "shop.order", "fields": {"status": 1, "updated": "2010-06-04 14:56:03", "started": "2010-06-04 14:56:03", "is_wholesale": false, "shipping_charged": 0.0, "user": null, "total_charged": 0.0, "tax_charged": 0.0}}, {"pk": 25, "model": "shop.order", "fields": {"status": 1, "updated": "2010-04-28 14:17:49", "started": "2010-04-28 14:16:20", "is_wholesale": true, "shipping_charged": 6.3799999999999999, "user": 20, "total_charged": 138.38, "tax_charged": 12.0}}, {"pk": 33, "model": "shop.order", "fields": {"status": 1, "updated": "2010-05-28 16:18:42", "started": "2010-05-28 16:18:01", "is_wholesale": true, "shipping_charged": 6.3799999999999999, "user": 24, "total_charged": 137.28, "tax_charged": 10.0}}, {"pk": 34, "model": "shop.order", "fields": {"status": 1, "updated": "2010-05-29 13:18:27", "started": "2010-05-29 13:18:27", "is_wholesale": false, "shipping_charged": 0.0, "user": null, "total_charged": 0.0, "tax_charged": 0.0}}, {"pk": 35, "model": "shop.order", "fields": {"status": 1, "updated": "2010-05-29 13:35:48", "started": "2010-05-29 13:35:48", "is_wholesale": false, "shipping_charged": 0.0, "user": null, "total_charged": 0.0, "tax_charged": 0.0}}, {"pk": 36, "model": "shop.order", "fields": {"status": 1, "updated": "2010-05-31 11:07:43", "started": "2010-05-31 11:07:43", "is_wholesale": true, "shipping_charged": 0.0, "user": 23, "total_charged": 19.899999999999999, "tax_charged": 0.0}}, {"pk": 60, "model": "shop.productorder", "fields": {"product": 68, "price": 41.82, "style": null, "quantity": 4, "order": 27, "size": null}}, {"pk": 61, "model": "shop.productorder", "fields": {"product": 44, "price": 40.909999999999997, "style": null, "quantity": 2, "order": 27, "size": null}}, {"pk": 62, "model": "shop.productorder", "fields": {"product": 38, "price": 0.0, "style": null, "quantity": 2, "order": 28, "size": null}}, {"pk": 63, "model": "shop.productorder", "fields": {"product": 22, "price": 0.0, "style": null, "quantity": 2, "order": 28, "size": null}}, {"pk": 64, "model": "shop.productorder", "fields": {"product": 48, "price": 0.0, "style": null, "quantity": 2, "order": 28, "size": null}}, {"pk": 68, "model": "shop.productorder", "fields": {"product": 60, "price": 40.909999999999997, "style": null, "quantity": 1, "order": 30, "size": null}}, {"pk": 69, "model": "shop.productorder", "fields": {"product": 29, "price": 0.0, "style": null, "quantity": 4, "order": 26, "size": null}}, {"pk": 70, "model": "shop.productorder", "fields": {"product": 54, "price": 0.0, "style": null, "quantity": 1, "order": 26, "size": null}}, {"pk": 71, "model": "shop.productorder", "fields": {"product": 54, "price": 0.0, "style": null, "quantity": 1, "order": 26, "size": null}}, {"pk": 65, "model": "shop.productorder", "fields": {"product": 48, "price": 20.899999999999999, "style": null, "quantity": 1, "order": 29, "size": null}}, {"pk": 66, "model": "shop.productorder", "fields": {"product": 39, "price": 11.9, "style": null, "quantity": 1, "order": 29, "size": null}}, {"pk": 67, "model": "shop.productorder", "fields": {"product": 39, "price": 11.9, "style": null, "quantity": 1, "order": 29, "size": null}}, {"pk": 72, "model": "shop.productorder", "fields": {"product": 48, "price": 20.899999999999999, "style": null, "quantity": 1, "order": 29, "size": null}}, {"pk": 73, "model": "shop.productorder", "fields": {"product": 67, "price": 32.0, "style": null, "quantity": 1, "order": 31, "size": null}}, {"pk": 76, "model": "shop.productorder", "fields": {"product": 67, "price": 20.0, "style": null, "quantity": 5, "order": 33, "size": null}}, {"pk": 77, "model": "shop.productorder", "fields": {"product": 43, "price": 20.899999999999999, "style": null, "quantity": 1, "order": 33, "size": null}}, {"pk": 78, "model": "shop.productorder", "fields": {"product": 65, "price": 35.450000000000003, "style": null, "quantity": 9, "order": 34, "size": null}}, {"pk": 79, "model": "shop.productorder", "fields": {"product": 68, "price": 41.82, "style": null, "quantity": 9, "order": 34, "size": null}}, {"pk": 80, "model": "shop.productorder", "fields": {"product": 68, "price": 41.82, "style": null, "quantity": 1, "order": 35, "size": null}}, {"pk": 81, "model": "shop.productorder", "fields": {"product": 70, "price": 40.0, "style": null, "quantity": 1, "order": 35, "size": 6}}, {"pk": 82, "model": "shop.productorder", "fields": {"product": 64, "price": 19.899999999999999, "style": null, "quantity": 1, "order": 36, "size": null}}, {"pk": 83, "model": "shop.productorder", "fields": {"product": 68, "price": 41.82, "style": null, "quantity": 20, "order": 37, "size": null}}, {"pk": 84, "model": "shop.productorder", "fields": {"product": 70, "price": 20.0, "style": null, "quantity": 10, "order": 37, "size": 6}}, {"pk": 85, "model": "shop.productorder", "fields": {"product": 70, "price": 40.0, "style": null, "quantity": 1, "order": 38, "size": 6}}, {"pk": 86, "model": "shop.productorder", "fields": {"product": 64, "price": 19.899999999999999, "style": null, "quantity": 1, "order": 39, "size": null}}, {"pk": 88, "model": "shop.productorder", "fields": {"product": 68, "price": 23.0, "style": null, "quantity": 1, "order": 40, "size": null}}, {"pk": 89, "model": "shop.productorder", "fields": {"product": 19, "price": 31.82, "style": 1, "quantity": 1, "order": 41, "size": 3}}, {"pk": 90, "model": "shop.productorder", "fields": {"product": 68, "price": 41.82, "style": null, "quantity": 1, "order": 41, "size": null}}, {"pk": 91, "model": "shop.productorder", "fields": {"product": 64, "price": 35.450000000000003, "style": null, "quantity": 1, "order": 42, "size": null}}, {"pk": 92, "model": "shop.productorder", "fields": {"product": 69, "price": 41.82, "style": null, "quantity": 1, "order": 42, "size": null}}, {"pk": 87, "model": "shop.productorder", "fields": {"product": 65, "price": 19.899999999999999, "style": null, "quantity": 4, "order": 39, "size": null}}, {"pk": 93, "model": "shop.productorder", "fields": {"product": 68, "price": 23.0, "style": null, "quantity": 1, "order": 43, "size": null}}, {"pk": 94, "model": "shop.productorder", "fields": {"product": 65, "price": 19.899999999999999, "style": null, "quantity": 1, "order": 43, "size": null}}, {"pk": 95, "model": "shop.productorder", "fields": {"product": 68, "price": 41.82, "style": null, "quantity": 1, "order": 44, "size": null}}, {"pk": 96, "model": "shop.productorder", "fields": {"product": 64, "price": 19.899999999999999, "style": null, "quantity": 1, "order": 45, "size": null}}, {"pk": 97, "model": "shop.productorder", "fields": {"product": 65, "price": 19.899999999999999, "style": null, "quantity": 1, "order": 45, "size": null}}, {"pk": 98, "model": "shop.productorder", "fields": {"product": 43, "price": 20.899999999999999, "style": null, "quantity": 1, "order": 45, "size": null}}, {"pk": 43, "model": "shop.productorder", "fields": {"product": 70, "price": 23.0, "style": null, "quantity": 5, "order": 19, "size": 6}}, {"pk": 44, "model": "shop.productorder", "fields": {"product": 64, "price": 19.899999999999999, "style": null, "quantity": 2, "order": 19, "size": null}}, {"pk": 45, "model": "shop.productorder", "fields": {"product": 20, "price": 20.899999999999999, "style": 1, "quantity": 1, "order": 19, "size": 4}}, {"pk": 46, "model": "shop.productorder", "fields": {"product": 24, "price": 26.899999999999999, "style": null, "quantity": 2, "order": 19, "size": null}}, {"pk": 47, "model": "shop.productorder", "fields": {"product": 44, "price": 20.899999999999999, "style": null, "quantity": 4, "order": 20, "size": null}}, {"pk": 48, "model": "shop.productorder", "fields": {"product": 22, "price": 13.5, "style": null, "quantity": 6, "order": 20, "size": null}}, {"pk": 49, "model": "shop.productorder", "fields": {"product": 25, "price": 20.449999999999999, "style": null, "quantity": 2, "order": 21, "size": null}}, {"pk": 50, "model": "shop.productorder", "fields": {"product": 20, "price": 35.909999999999997, "style": 1, "quantity": 1, "order": 21, "size": 4}}, {"pk": 51, "model": "shop.productorder", "fields": {"product": 24, "price": 50.0, "style": null, "quantity": 3, "order": 21, "size": null}}, {"pk": 52, "model": "shop.productorder", "fields": {"product": 19, "price": 35.0, "style": null, "quantity": 2, "order": 22, "size": null}}, {"pk": 53, "model": "shop.productorder", "fields": {"product": 70, "price": 41.82, "style": null, "quantity": 1, "order": 23, "size": 7}}, {"pk": 54, "model": "shop.productorder", "fields": {"product": 67, "price": 23.0, "style": null, "quantity": 1, "order": 24, "size": null}}, {"pk": 56, "model": "shop.productorder", "fields": {"product": 26, "price": 0.0, "style": null, "quantity": 1, "order": 25, "size": null}}, {"pk": 55, "model": "shop.productorder", "fields": {"product": 43, "price": 20.0, "style": null, "quantity": 6, "order": 25, "size": null}}, {"pk": 99, "model": "shop.productorder", "fields": {"product": 51, "price": 20.899999999999999, "style": null, "quantity": 1, "order": 45, "size": null}}, {"pk": 100, "model": "shop.productorder", "fields": {"product": 30, "price": 23.640000000000001, "style": null, "quantity": 1, "order": 45, "size": null}}, {"pk": 102, "model": "shop.productorder", "fields": {"product": 60, "price": 40.909999999999997, "style": null, "quantity": 1, "order": 46, "size": null}}, {"pk": 103, "model": "shop.productorder", "fields": {"product": 70, "price": 40.0, "style": null, "quantity": 1, "order": 46, "size": 6}}, {"pk": 101, "model": "shop.productorder", "fields": {"product": 68, "price": 41.82, "style": null, "quantity": 2, "order": 46, "size": null}}, {"pk": 57, "model": "shop.productorder", "fields": {"product": 70, "price": 20.0, "style": null, "quantity": 5, "order": 26, "size": 6}}, {"pk": 58, "model": "shop.productorder", "fields": {"product": 23, "price": 11.9, "style": null, "quantity": 4, "order": 26, "size": 7}}, {"pk": 59, "model": "shop.productorder", "fields": {"product": 23, "price": 11.9, "style": null, "quantity": 2, "order": 26, "size": 6}}]
