[{"pk": 4, "model": "userprofile.country", "fields": {"country": "AFGHANISTAN", "shipto": true}}, {"pk": 160, "model": "userprofile.country", "fields": {"country": "PANAMA", "shipto": true}}, {"pk": 1, "model": "userprofile.country", "fields": {"country": "AUSTRALIA", "shipto": true}}, {"pk": 5, "model": "userprofile.country", "fields": {"country": "ALBANIA", "shipto": true}}, {"pk": 6, "model": "userprofile.country", "fields": {"country": "ALGERIA", "shipto": true}}, {"pk": 7, "model": "userprofile.country", "fields": {"country": "AMERICAN SAMOA", "shipto": true}}, {"pk": 8, "model": "userprofile.country", "fields": {"country": "ANGOLA", "shipto": true}}, {"pk": 9, "model": "userprofile.country", "fields": {"country": "ANGUILLA", "shipto": true}}, {"pk": 10, "model": "userprofile.country", "fields": {"country": "ANTIGUA AND BARBUDA", "shipto": true}}, {"pk": 11, "model": "userprofile.country", "fields": {"country": "ARGENTINA", "shipto": true}}, {"pk": 12, "model": "userprofile.country", "fields": {"country": "ARMENIA", "shipto": true}}, {"pk": 13, "model": "userprofile.country", "fields": {"country": "ARUBA", "shipto": true}}, {"pk": 14, "model": "userprofile.country", "fields": {"country": "ASCENSION ISLAND", "shipto": true}}, {"pk": 15, "model": "userprofile.country", "fields": {"country": "AUSTRIA", "shipto": true}}, {"pk": 16, "model": "userprofile.country", "fields": {"country": "AZERBAIJAN", "shipto": true}}, {"pk": 17, "model": "userprofile.country", "fields": {"country": "BAHAMAS", "shipto": true}}, {"pk": 18, "model": "userprofile.country", "fields": {"country": "BAHRAIN", "shipto": true}}, {"pk": 19, "model": "userprofile.country", "fields": {"country": "BANGLADESH", "shipto": true}}, {"pk": 20, "model": "userprofile.country", "fields": {"country": "BARBADOS", "shipto": true}}, {"pk": 21, "model": "userprofile.country", "fields": {"country": "BELARUS", "shipto": true}}, {"pk": 22, "model": "userprofile.country", "fields": {"country": "BELGIUM", "shipto": true}}, {"pk": 23, "model": "userprofile.country", "fields": {"country": "BELIZE", "shipto": true}}, {"pk": 24, "model": "userprofile.country", "fields": {"country": "BENIN", "shipto": true}}, {"pk": 25, "model": "userprofile.country", "fields": {"country": "BERMUDA", "shipto": true}}, {"pk": 26, "model": "userprofile.country", "fields": {"country": "BHUTAN", "shipto": true}}, {"pk": 27, "model": "userprofile.country", "fields": {"country": "BOLIVIA", "shipto": true}}, {"pk": 28, "model": "userprofile.country", "fields": {"country": "BOSNIA", "shipto": true}}, {"pk": 29, "model": "userprofile.country", "fields": {"country": "BOTSWANA", "shipto": true}}, {"pk": 30, "model": "userprofile.country", "fields": {"country": "BRAZIL", "shipto": true}}, {"pk": 31, "model": "userprofile.country", "fields": {"country": "BRITISH INDIAN OCEAN TERRITORY", "shipto": true}}, {"pk": 32, "model": "userprofile.country", "fields": {"country": "BRUNEI DARUSSALAM", "shipto": true}}, {"pk": 33, "model": "userprofile.country", "fields": {"country": "BULGARIA", "shipto": true}}, {"pk": 35, "model": "userprofile.country", "fields": {"country": "BURUNDI", "shipto": true}}, {"pk": 36, "model": "userprofile.country", "fields": {"country": "CAMBODIA", "shipto": true}}, {"pk": 37, "model": "userprofile.country", "fields": {"country": "CAMEROON", "shipto": true}}, {"pk": 38, "model": "userprofile.country", "fields": {"country": "CANADA", "shipto": true}}, {"pk": 39, "model": "userprofile.country", "fields": {"country": "CAPE VERDE", "shipto": true}}, {"pk": 40, "model": "userprofile.country", "fields": {"country": "CAYMAN ISLANDS", "shipto": true}}, {"pk": 41, "model": "userprofile.country", "fields": {"country": "CENTRAL AFRICAN REPUBLIC", "shipto": true}}, {"pk": 42, "model": "userprofile.country", "fields": {"country": "CHAD", "shipto": true}}, {"pk": 43, "model": "userprofile.country", "fields": {"country": "CHILE", "shipto": true}}, {"pk": 44, "model": "userprofile.country", "fields": {"country": "CHINA", "shipto": true}}, {"pk": 45, "model": "userprofile.country", "fields": {"country": "COLOMBIA", "shipto": true}}, {"pk": 46, "model": "userprofile.country", "fields": {"country": "COMOROS", "shipto": true}}, {"pk": 47, "model": "userprofile.country", "fields": {"country": "CONGO", "shipto": true}}, {"pk": 48, "model": "userprofile.country", "fields": {"country": "CONGO, THE DEMOCRATIC REPUBLIC OF THE", "shipto": true}}, {"pk": 49, "model": "userprofile.country", "fields": {"country": "COOK ISLANDS", "shipto": true}}, {"pk": 50, "model": "userprofile.country", "fields": {"country": "COSTA RICA", "shipto": true}}, {"pk": 51, "model": "userprofile.country", "fields": {"country": "COTE D'IVOIRE", "shipto": true}}, {"pk": 52, "model": "userprofile.country", "fields": {"country": "CROATIA", "shipto": true}}, {"pk": 53, "model": "userprofile.country", "fields": {"country": "CUBA", "shipto": true}}, {"pk": 54, "model": "userprofile.country", "fields": {"country": "CYPRUS", "shipto": true}}, {"pk": 55, "model": "userprofile.country", "fields": {"country": "CZECH REPUBLIC", "shipto": true}}, {"pk": 56, "model": "userprofile.country", "fields": {"country": "DENMARK", "shipto": true}}, {"pk": 57, "model": "userprofile.country", "fields": {"country": "DJIBOUTI", "shipto": true}}, {"pk": 58, "model": "userprofile.country", "fields": {"country": "DOMINICA", "shipto": true}}, {"pk": 59, "model": "userprofile.country", "fields": {"country": "DOMINICAN REPUBLIC", "shipto": true}}, {"pk": 60, "model": "userprofile.country", "fields": {"country": "EAST TIMOR", "shipto": true}}, {"pk": 61, "model": "userprofile.country", "fields": {"country": "ECUADOR", "shipto": true}}, {"pk": 62, "model": "userprofile.country", "fields": {"country": "EGYPT", "shipto": true}}, {"pk": 63, "model": "userprofile.country", "fields": {"country": "EL SALVADOR", "shipto": true}}, {"pk": 64, "model": "userprofile.country", "fields": {"country": "EQUATORIAL GUINEA", "shipto": true}}, {"pk": 65, "model": "userprofile.country", "fields": {"country": "ERITREA", "shipto": true}}, {"pk": 66, "model": "userprofile.country", "fields": {"country": "ESTONIA", "shipto": true}}, {"pk": 67, "model": "userprofile.country", "fields": {"country": "ETHIOPIA", "shipto": true}}, {"pk": 68, "model": "userprofile.country", "fields": {"country": "FALKLAND ISLANDS (MALVINAS)", "shipto": true}}, {"pk": 69, "model": "userprofile.country", "fields": {"country": "FAROE ISLANDS", "shipto": true}}, {"pk": 70, "model": "userprofile.country", "fields": {"country": "FIJI", "shipto": true}}, {"pk": 71, "model": "userprofile.country", "fields": {"country": "FINLAND", "shipto": true}}, {"pk": 72, "model": "userprofile.country", "fields": {"country": "FRANCE", "shipto": true}}, {"pk": 73, "model": "userprofile.country", "fields": {"country": "FRENCH GUIANA", "shipto": true}}, {"pk": 74, "model": "userprofile.country", "fields": {"country": "FRENCH POLYNESIA", "shipto": true}}, {"pk": 75, "model": "userprofile.country", "fields": {"country": "GABON", "shipto": true}}, {"pk": 76, "model": "userprofile.country", "fields": {"country": "GAMBIA", "shipto": true}}, {"pk": 77, "model": "userprofile.country", "fields": {"country": "GEORGIA", "shipto": true}}, {"pk": 78, "model": "userprofile.country", "fields": {"country": "GERMANY", "shipto": true}}, {"pk": 79, "model": "userprofile.country", "fields": {"country": "GHANA", "shipto": true}}, {"pk": 80, "model": "userprofile.country", "fields": {"country": "GIBRALTAR", "shipto": true}}, {"pk": 81, "model": "userprofile.country", "fields": {"country": "GREECE", "shipto": true}}, {"pk": 82, "model": "userprofile.country", "fields": {"country": "GREENLAND", "shipto": true}}, {"pk": 83, "model": "userprofile.country", "fields": {"country": "GRENADA", "shipto": true}}, {"pk": 84, "model": "userprofile.country", "fields": {"country": "GUADELOUPE", "shipto": true}}, {"pk": 85, "model": "userprofile.country", "fields": {"country": "GUAM", "shipto": true}}, {"pk": 86, "model": "userprofile.country", "fields": {"country": "GUATEMALA", "shipto": true}}, {"pk": 87, "model": "userprofile.country", "fields": {"country": "GUINEA", "shipto": true}}, {"pk": 88, "model": "userprofile.country", "fields": {"country": "GUINEA-BISSAU", "shipto": true}}, {"pk": 89, "model": "userprofile.country", "fields": {"country": "GUYANA", "shipto": true}}, {"pk": 90, "model": "userprofile.country", "fields": {"country": "HAITI", "shipto": true}}, {"pk": 91, "model": "userprofile.country", "fields": {"country": "HOLY SEE (VATICAN CITY STATE)", "shipto": true}}, {"pk": 92, "model": "userprofile.country", "fields": {"country": "HONDURAS", "shipto": true}}, {"pk": 93, "model": "userprofile.country", "fields": {"country": "HONG KONG", "shipto": true}}, {"pk": 94, "model": "userprofile.country", "fields": {"country": "HUNGARY", "shipto": true}}, {"pk": 95, "model": "userprofile.country", "fields": {"country": "ICELAND", "shipto": true}}, {"pk": 96, "model": "userprofile.country", "fields": {"country": "INDIA", "shipto": true}}, {"pk": 97, "model": "userprofile.country", "fields": {"country": "INDONESIA", "shipto": true}}, {"pk": 98, "model": "userprofile.country", "fields": {"country": "IRAN, ISLAMIC REPUBLIC OF", "shipto": true}}, {"pk": 99, "model": "userprofile.country", "fields": {"country": "IRAQ", "shipto": true}}, {"pk": 100, "model": "userprofile.country", "fields": {"country": "IRELAND", "shipto": true}}, {"pk": 101, "model": "userprofile.country", "fields": {"country": "ISRAEL", "shipto": true}}, {"pk": 102, "model": "userprofile.country", "fields": {"country": "ITALY", "shipto": true}}, {"pk": 103, "model": "userprofile.country", "fields": {"country": "JAMAICA", "shipto": true}}, {"pk": 104, "model": "userprofile.country", "fields": {"country": "JAPAN", "shipto": true}}, {"pk": 105, "model": "userprofile.country", "fields": {"country": "JORDAN", "shipto": true}}, {"pk": 106, "model": "userprofile.country", "fields": {"country": "KAZAKHSTAN", "shipto": true}}, {"pk": 107, "model": "userprofile.country", "fields": {"country": "KENYA", "shipto": true}}, {"pk": 108, "model": "userprofile.country", "fields": {"country": "KIRIBATI", "shipto": true}}, {"pk": 109, "model": "userprofile.country", "fields": {"country": "KOREA, DEMOCRATIC PEOPLE'S REPUBLIC OF", "shipto": true}}, {"pk": 110, "model": "userprofile.country", "fields": {"country": "KOREA, REPUBLIC OF", "shipto": true}}, {"pk": 111, "model": "userprofile.country", "fields": {"country": "KOSOVO, REPUBLIC OF", "shipto": true}}, {"pk": 112, "model": "userprofile.country", "fields": {"country": "KUWAIT", "shipto": true}}, {"pk": 113, "model": "userprofile.country", "fields": {"country": "KYRGYZSTAN", "shipto": true}}, {"pk": 114, "model": "userprofile.country", "fields": {"country": "LAO, PEOPLE'S DEMOCRATIC REPUBLIC", "shipto": true}}, {"pk": 115, "model": "userprofile.country", "fields": {"country": "LATVIA", "shipto": true}}, {"pk": 116, "model": "userprofile.country", "fields": {"country": "LEBANON", "shipto": true}}, {"pk": 117, "model": "userprofile.country", "fields": {"country": "LESOTHO", "shipto": true}}, {"pk": 118, "model": "userprofile.country", "fields": {"country": "LIBERIA", "shipto": true}}, {"pk": 119, "model": "userprofile.country", "fields": {"country": "LIBYAN, ARAB JAMAHIRIYA", "shipto": true}}, {"pk": 120, "model": "userprofile.country", "fields": {"country": "LIECHTENSTEIN", "shipto": true}}, {"pk": 121, "model": "userprofile.country", "fields": {"country": "LITHUANIA", "shipto": true}}, {"pk": 122, "model": "userprofile.country", "fields": {"country": "LUXEMBOURG", "shipto": true}}, {"pk": 123, "model": "userprofile.country", "fields": {"country": "MACAO", "shipto": true}}, {"pk": 124, "model": "userprofile.country", "fields": {"country": "MACEDONIA, THE FORMER YUGOSLAV REPUBLIC OF", "shipto": true}}, {"pk": 125, "model": "userprofile.country", "fields": {"country": "MADAGASCAR", "shipto": true}}, {"pk": 126, "model": "userprofile.country", "fields": {"country": "MALAWI", "shipto": true}}, {"pk": 127, "model": "userprofile.country", "fields": {"country": "MALAYSIA", "shipto": true}}, {"pk": 128, "model": "userprofile.country", "fields": {"country": "MALDIVES", "shipto": true}}, {"pk": 129, "model": "userprofile.country", "fields": {"country": "MALI", "shipto": true}}, {"pk": 130, "model": "userprofile.country", "fields": {"country": "MALTA", "shipto": true}}, {"pk": 131, "model": "userprofile.country", "fields": {"country": "MARSHALL ISLANDS", "shipto": true}}, {"pk": 132, "model": "userprofile.country", "fields": {"country": "MARTINIQUE", "shipto": true}}, {"pk": 133, "model": "userprofile.country", "fields": {"country": "MAURITANIA", "shipto": true}}, {"pk": 134, "model": "userprofile.country", "fields": {"country": "MAURITIUS", "shipto": true}}, {"pk": 135, "model": "userprofile.country", "fields": {"country": "MEXICO", "shipto": true}}, {"pk": 136, "model": "userprofile.country", "fields": {"country": "MICRONESIA, FEDERATED STATES OF", "shipto": true}}, {"pk": 137, "model": "userprofile.country", "fields": {"country": "MOLDOVA, REPUBLIC OF", "shipto": true}}, {"pk": 138, "model": "userprofile.country", "fields": {"country": "MONGOLIA", "shipto": true}}, {"pk": 139, "model": "userprofile.country", "fields": {"country": "MONTENEGRO", "shipto": true}}, {"pk": 140, "model": "userprofile.country", "fields": {"country": "MONTSERRAT", "shipto": true}}, {"pk": 141, "model": "userprofile.country", "fields": {"country": "MOROCCO", "shipto": true}}, {"pk": 142, "model": "userprofile.country", "fields": {"country": "MOZAMBIQUE", "shipto": true}}, {"pk": 143, "model": "userprofile.country", "fields": {"country": "MYANMAR", "shipto": true}}, {"pk": 144, "model": "userprofile.country", "fields": {"country": "NAMIBIA", "shipto": true}}, {"pk": 145, "model": "userprofile.country", "fields": {"country": "NAURU", "shipto": true}}, {"pk": 146, "model": "userprofile.country", "fields": {"country": "NEPAL", "shipto": true}}, {"pk": 147, "model": "userprofile.country", "fields": {"country": "NETHERLANDS", "shipto": true}}, {"pk": 148, "model": "userprofile.country", "fields": {"country": "NETHERLANDS ANTILLES", "shipto": true}}, {"pk": 149, "model": "userprofile.country", "fields": {"country": "NEW CALEDONIA", "shipto": true}}, {"pk": 150, "model": "userprofile.country", "fields": {"country": "NEW ZEALAND", "shipto": true}}, {"pk": 151, "model": "userprofile.country", "fields": {"country": "NICARAGUA", "shipto": true}}, {"pk": 152, "model": "userprofile.country", "fields": {"country": "NIGER", "shipto": true}}, {"pk": 153, "model": "userprofile.country", "fields": {"country": "NIGERIA", "shipto": true}}, {"pk": 154, "model": "userprofile.country", "fields": {"country": "NIUE", "shipto": true}}, {"pk": 155, "model": "userprofile.country", "fields": {"country": "NORTHERN MARIANA ISLANDS", "shipto": true}}, {"pk": 156, "model": "userprofile.country", "fields": {"country": "NORWAY", "shipto": true}}, {"pk": 157, "model": "userprofile.country", "fields": {"country": "OMAN", "shipto": true}}, {"pk": 158, "model": "userprofile.country", "fields": {"country": "PAKISTAN", "shipto": true}}, {"pk": 159, "model": "userprofile.country", "fields": {"country": "PALAU", "shipto": true}}, {"pk": 161, "model": "userprofile.country", "fields": {"country": "PAPUA NEW GUINEA", "shipto": true}}, {"pk": 162, "model": "userprofile.country", "fields": {"country": "PARAGUAY", "shipto": true}}, {"pk": 163, "model": "userprofile.country", "fields": {"country": "PERU", "shipto": true}}, {"pk": 164, "model": "userprofile.country", "fields": {"country": "PHILIPPINES", "shipto": true}}, {"pk": 165, "model": "userprofile.country", "fields": {"country": "PITCAIRN", "shipto": true}}, {"pk": 166, "model": "userprofile.country", "fields": {"country": "POLAND", "shipto": true}}, {"pk": 167, "model": "userprofile.country", "fields": {"country": "PORTUGAL", "shipto": true}}, {"pk": 168, "model": "userprofile.country", "fields": {"country": "PUERTO RICO", "shipto": true}}, {"pk": 170, "model": "userprofile.country", "fields": {"country": "REUNION", "shipto": true}}, {"pk": 171, "model": "userprofile.country", "fields": {"country": "ROMANIA", "shipto": true}}, {"pk": 172, "model": "userprofile.country", "fields": {"country": "RUSSIAN FEDERATION", "shipto": true}}, {"pk": 173, "model": "userprofile.country", "fields": {"country": "RWANDA", "shipto": true}}, {"pk": 174, "model": "userprofile.country", "fields": {"country": "SAINT KITTS AND NEVIS", "shipto": true}}, {"pk": 175, "model": "userprofile.country", "fields": {"country": "SAINT LUCIA", "shipto": true}}, {"pk": 176, "model": "userprofile.country", "fields": {"country": "SAINT PIERRE AND MIQUELON", "shipto": true}}, {"pk": 177, "model": "userprofile.country", "fields": {"country": "SAINT VINCENT AND THE GRENADINES", "shipto": true}}, {"pk": 178, "model": "userprofile.country", "fields": {"country": "SAMOA", "shipto": true}}, {"pk": 179, "model": "userprofile.country", "fields": {"country": "SAO TOME AND PRINCIPE", "shipto": true}}, {"pk": 180, "model": "userprofile.country", "fields": {"country": "SAUDI ARABIA", "shipto": true}}, {"pk": 181, "model": "userprofile.country", "fields": {"country": "SENEGAL", "shipto": true}}, {"pk": 182, "model": "userprofile.country", "fields": {"country": "SERBIA", "shipto": true}}, {"pk": 183, "model": "userprofile.country", "fields": {"country": "SEYCHELLES", "shipto": true}}, {"pk": 184, "model": "userprofile.country", "fields": {"country": "SIERRA LEONE", "shipto": true}}, {"pk": 185, "model": "userprofile.country", "fields": {"country": "SINGAPORE", "shipto": true}}, {"pk": 186, "model": "userprofile.country", "fields": {"country": "SLOVAKIA", "shipto": true}}, {"pk": 187, "model": "userprofile.country", "fields": {"country": "SLOVENIA", "shipto": true}}, {"pk": 188, "model": "userprofile.country", "fields": {"country": "SOLOMON ISLANDS", "shipto": true}}, {"pk": 189, "model": "userprofile.country", "fields": {"country": "SOMALIA", "shipto": true}}, {"pk": 190, "model": "userprofile.country", "fields": {"country": "SOUTH AFRICA", "shipto": true}}, {"pk": 191, "model": "userprofile.country", "fields": {"country": "SPAIN", "shipto": true}}, {"pk": 192, "model": "userprofile.country", "fields": {"country": "SRI LANKA", "shipto": true}}, {"pk": 193, "model": "userprofile.country", "fields": {"country": "SUDAN", "shipto": true}}, {"pk": 194, "model": "userprofile.country", "fields": {"country": "SURINAME", "shipto": true}}, {"pk": 195, "model": "userprofile.country", "fields": {"country": "SWAZILAND", "shipto": true}}, {"pk": 196, "model": "userprofile.country", "fields": {"country": "SWEDEN", "shipto": true}}, {"pk": 197, "model": "userprofile.country", "fields": {"country": "SWITZERLAND", "shipto": true}}, {"pk": 198, "model": "userprofile.country", "fields": {"country": "SYRIAN ARAB REPUBLIC", "shipto": true}}, {"pk": 199, "model": "userprofile.country", "fields": {"country": "TAIWAN", "shipto": true}}, {"pk": 200, "model": "userprofile.country", "fields": {"country": "TAJIKISTAN", "shipto": true}}, {"pk": 201, "model": "userprofile.country", "fields": {"country": "TANZANIA, UNITED REPUBLIC OF", "shipto": true}}, {"pk": 202, "model": "userprofile.country", "fields": {"country": "THAILAND", "shipto": true}}, {"pk": 203, "model": "userprofile.country", "fields": {"country": "TOGO", "shipto": true}}, {"pk": 204, "model": "userprofile.country", "fields": {"country": "TOKELAU", "shipto": true}}, {"pk": 205, "model": "userprofile.country", "fields": {"country": "TONGA", "shipto": true}}, {"pk": 206, "model": "userprofile.country", "fields": {"country": "TRINIDAD AND TOBAGO", "shipto": true}}, {"pk": 207, "model": "userprofile.country", "fields": {"country": "TRISTAN DA CUNHA", "shipto": true}}, {"pk": 208, "model": "userprofile.country", "fields": {"country": "TUNISIA", "shipto": true}}, {"pk": 209, "model": "userprofile.country", "fields": {"country": "TURKEY", "shipto": true}}, {"pk": 210, "model": "userprofile.country", "fields": {"country": "TURKMENISTAN", "shipto": true}}, {"pk": 211, "model": "userprofile.country", "fields": {"country": "TURKS AND CAICOS ISLANDS", "shipto": true}}, {"pk": 212, "model": "userprofile.country", "fields": {"country": "TUVALU", "shipto": true}}, {"pk": 213, "model": "userprofile.country", "fields": {"country": "UGANDA", "shipto": true}}, {"pk": 214, "model": "userprofile.country", "fields": {"country": "UKRAINE", "shipto": true}}, {"pk": 215, "model": "userprofile.country", "fields": {"country": "UNITED ARAB EMIRATES", "shipto": true}}, {"pk": 216, "model": "userprofile.country", "fields": {"country": "UNITED KINGDOM", "shipto": true}}, {"pk": 217, "model": "userprofile.country", "fields": {"country": "UNITED STATES", "shipto": true}}, {"pk": 219, "model": "userprofile.country", "fields": {"country": "URUGUAY", "shipto": true}}, {"pk": 220, "model": "userprofile.country", "fields": {"country": "UZBEKISTAN", "shipto": true}}, {"pk": 221, "model": "userprofile.country", "fields": {"country": "VANUATU", "shipto": true}}, {"pk": 222, "model": "userprofile.country", "fields": {"country": "VENEZUELA", "shipto": true}}, {"pk": 223, "model": "userprofile.country", "fields": {"country": "VIETNAM", "shipto": true}}, {"pk": 224, "model": "userprofile.country", "fields": {"country": "VIRGIN ISLANDS, BRITISH", "shipto": true}}, {"pk": 226, "model": "userprofile.country", "fields": {"country": "WALLIS AND FUTUNA", "shipto": true}}, {"pk": 227, "model": "userprofile.country", "fields": {"country": "YEMEN", "shipto": true}}, {"pk": 228, "model": "userprofile.country", "fields": {"country": "ZAMBIA", "shipto": true}}, {"pk": 229, "model": "userprofile.country", "fields": {"country": "ZIMBABWE", "shipto": true}}, {"pk": 225, "model": "userprofile.country", "fields": {"country": "VIRGIN ISLANDS, U.S.", "shipto": true}}, {"pk": 218, "model": "userprofile.country", "fields": {"country": "UNITED STATES MINOR OUTLYING ISLANDS", "shipto": true}}, {"pk": 34, "model": "userprofile.country", "fields": {"country": "BURKINA FASO", "shipto": true}}, {"pk": 169, "model": "userprofile.country", "fields": {"country": "QATAR", "shipto": true}}, {"pk": 4, "model": "userprofile.state", "fields": {"country": 1, "name": "NT"}}, {"pk": 3, "model": "userprofile.state", "fields": {"country": 1, "name": "SA"}}, {"pk": 2, "model": "userprofile.state", "fields": {"country": 1, "name": "VIC"}}, {"pk": 1, "model": "userprofile.state", "fields": {"country": 1, "name": "NSW"}}, {"pk": 5, "model": "userprofile.state", "fields": {"country": 1, "name": "ACT"}}, {"pk": 6, "model": "userprofile.state", "fields": {"country": 1, "name": "WA"}}, {"pk": 7, "model": "userprofile.state", "fields": {"country": 1, "name": "QLD"}}, {"pk": 8, "model": "userprofile.state", "fields": {"country": 1, "name": "TAS"}}, {"pk": 27, "model": "userprofile.profile", "fields": {"fax": "", "subscribe": true, "phone2": "", "wholesale": false, "company": "", "abn": "", "phone": "", "tradingas": "", "user": 31}}, {"pk": 13, "model": "userprofile.profile", "fields": {"fax": "0296551811", "subscribe": true, "phone2": "", "wholesale": true, "company": "My Nice Things", "abn": "121", "phone": "0296661800", "tradingas": "", "user": 16}}, {"pk": 26, "model": "userprofile.profile", "fields": {"fax": "0296551811", "subscribe": false, "phone2": "", "wholesale": true, "company": "Lymcor", "abn": "69003228260", "phone": "0296551800", "tradingas": "EastbourneArt", "user": 30}}, {"pk": 20, "model": "userprofile.profile", "fields": {"fax": "123456", "subscribe": false, "phone2": "", "wholesale": true, "company": "1md", "abn": "123456", "phone": "123456", "tradingas": "", "user": 24}}, {"pk": 30, "model": "userprofile.profile", "fields": {"fax": "0296551811", "subscribe": true, "phone2": "0418498000", "wholesale": true, "company": "Lymcor Pty Ltd", "abn": "69003228260", "phone": "0296551800", "tradingas": "Eastbourne Art", "user": 34}}, {"pk": 31, "model": "userprofile.profile", "fields": {"fax": null, "subscribe": false, "phone2": null, "wholesale": false, "company": null, "abn": null, "phone": null, "tradingas": null, "user": 35}}, {"pk": 3, "model": "userprofile.billing", "fields": {"profile": 13, "first_name": "Claire", "last_name": "Fraunfelter", "phone": "0296551800", "country": 1, "address2": "", "address3": "", "email": "clairefraunfelter@hotmail.com", "suburb": "Berrilee", "state": "NSW", "postcode": "2159", "address": "12 Charltons Creek Road", "company": ""}}, {"pk": 5, "model": "userprofile.billing", "fields": {"profile": 27, "first_name": "Craig", "last_name": "Quilkey", "phone": "", "country": 1, "address2": "", "address3": "", "email": null, "suburb": "Rose Bay", "state": "NSW", "postcode": "2029", "address": "10/15 Manion Avenue", "company": ""}}, {"pk": 6, "model": "userprofile.billing", "fields": {"profile": 26, "first_name": "Trish", "last_name": "Fraunfelter", "phone": "0296551800", "country": 1, "address2": "", "address3": "", "email": "clairef@1md.com.au", "suburb": "Berrilee", "state": "NSW", "postcode": "2159", "address": "12-14 Charltons Creek Road", "company": "Lymcor"}}, {"pk": 4, "model": "userprofile.billing", "fields": {"profile": 20, "first_name": "chao ", "last_name": "Liang", "phone": "123456", "country": 1, "address2": "", "address3": "", "email": "chaol@1md.com.au", "suburb": "north sydney", "state": "NSW", "postcode": "2060", "address": "275 alfred street", "company": "1md"}}, {"pk": 9, "model": "userprofile.billing", "fields": {"profile": 31, "first_name": "Claire", "last_name": "Fraunfelter", "phone": "", "country": 1, "address2": "", "address3": "", "email": null, "suburb": "Rose Bay", "state": "NSW", "postcode": "2029", "address": "10/15 Manion Avenue", "company": ""}}, {"pk": 87, "model": "userprofile.shipping", "fields": {"profile": 27, "first_name": "Craig", "last_name": "Quilkey", "phone": "", "country": 1, "address2": "", "address3": "", "suburb": "Rose Bay", "state": "NSW", "postcode": "3000", "address": "10/15 Manion Avenue", "company": ""}}, {"pk": 86, "model": "userprofile.shipping", "fields": {"profile": 26, "first_name": "Trish", "last_name": "Fraunfelter", "phone": "0296551800", "country": 1, "address2": "", "address3": "", "suburb": "Berrilee", "state": "NSW", "postcode": "2159", "address": "12-14 Charltons Creek Road", "company": "Lymcor"}}, {"pk": 82, "model": "userprofile.shipping", "fields": {"profile": 20, "first_name": "chao ", "last_name": "Liang", "phone": "123456", "country": 1, "address2": "", "address3": "", "suburb": "north sydney", "state": "NSW", "postcode": "2060", "address": "275 alfred street", "company": "1md"}}, {"pk": 90, "model": "userprofile.shipping", "fields": {"profile": 30, "first_name": "Trish", "last_name": "Fraunfelter", "phone": "0296551800", "country": 1, "address2": "", "address3": "", "suburb": "Berrilee", "state": "NSW", "postcode": "2159", "address": "12-14 Charltons Creek Road, ", "company": "Lymcor Pty Ltd"}}, {"pk": 91, "model": "userprofile.shipping", "fields": {"profile": 31, "first_name": "Claire", "last_name": "Fraunfelter", "phone": "", "country": 1, "address2": "", "address3": "", "suburb": "Rose Bay", "state": "NSW", "postcode": "2029", "address": "10/15 Manion Avenue", "company": ""}}, {"pk": 1, "model": "userprofile.usertype", "fields": {"type": "Retail Customers"}}, {"pk": 2, "model": "userprofile.usertype", "fields": {"type": "Wholesale Customers"}}, {"pk": 1, "model": "userprofile.userlog", "fields": {"timestamp": "2010-07-09 19:43:57", "user": 31, "details": "Creating New Profile"}}, {"pk": 2, "model": "userprofile.userlog", "fields": {"timestamp": "2010-07-09 19:43:57", "user": 31, "details": "Saved Billing Information\n\n{   'address': u'10/15 Manion Avenue',\n    'address2': u'',\n    'address3': u'',\n    'company': u'',\n    'country': <Country: Australia>,\n    'country_id': 1,\n    'email': None,\n    'first_name': u'Craig',\n    'id': 5L,\n    'last_name': u'Quilkey',\n    'phone': u'',\n    'pk': 5L,\n    'postcode': u'2029',\n    'profile': <Profile: retail_craigq_1md_com_au>,\n    'profile_id': 27L,\n    'state': u'NSW',\n    'suburb': u'Rose Bay'}"}}, {"pk": 3, "model": "userprofile.userlog", "fields": {"timestamp": "2010-07-09 19:43:57", "user": 31, "details": "Saved Shipping Information\n\n{   'address': u'10/15 Manion Avenue',\n    'address2': u'',\n    'address3': u'',\n    'company': u'',\n    'country': <Country: Australia>,\n    'country_id': 1,\n    'first_name': u'Craig',\n    'id': 87L,\n    'last_name': u'Quilkey',\n    'phone': u'',\n    'pk': 87L,\n    'postcode': u'2029',\n    'profile': <Profile: retail_craigq_1md_com_au>,\n    'profile_id': 27L,\n    'state': u'NSW',\n    'suburb': u'Rose Bay'}"}}, {"pk": 9, "model": "userprofile.userlog", "fields": {"timestamp": "2010-07-19 11:20:01", "user": 35, "details": "Saved Billing Information\n\n{   'address': u'10/15 Manion Avenue',\n    'address2': u'',\n    'address3': u'',\n    'company': u'',\n    'country': <Country: Australia>,\n    'country_id': 1,\n    'email': None,\n    'first_name': u'Claire',\n    'id': 9L,\n    'last_name': u'Fraunfelter',\n    'phone': u'',\n    'pk': 9L,\n    'postcode': u'2029',\n    'profile': <Profile: retail_claire_claire_com_au>,\n    'profile_id': 31,\n    'state': u'NSW',\n    'suburb': u'Rose Bay'}"}}, {"pk": 10, "model": "userprofile.userlog", "fields": {"timestamp": "2010-07-19 11:20:01", "user": 35, "details": "Saved Shipping Information\n\n{   'address': u'10/15 Manion Avenue',\n    'address2': u'',\n    'address3': u'',\n    'company': u'',\n    'country': <Country: Australia>,\n    'country_id': 1,\n    'first_name': u'Claire',\n    'id': 91L,\n    'last_name': u'Fraunfelter',\n    'phone': u'',\n    'pk': 91L,\n    'postcode': u'2029',\n    'profile': <Profile: retail_claire_claire_com_au>,\n    'profile_id': 31,\n    'state': u'NSW',\n    'suburb': u'Rose Bay'}"}}]
