[{"pk": 1, "model": "shop.category", "fields": {"name": "test1", "parent": null, "image": "images/logo_.png", "is_active": true, "priority": 0, "slug": "test1"}}, {"pk": 2, "model": "shop.category", "fields": {"name": "test2", "parent": 1, "image": "images/logo__.png", "is_active": true, "priority": 0, "slug": "test2"}}, {"pk": 1, "model": "shop.taxrate", "fields": {"is_default": true, "rate": 1.1000000000000001, "name": "GST", "countries": [1]}}, {"pk": 1, "model": "shop.productstatus", "fields": {"status": "Available", "can_buy": true, "display_to_user": true}}, {"pk": 2, "model": "shop.productstatus", "fields": {"status": "Unavailable", "can_buy": false, "display_to_user": false}}, {"pk": 3, "model": "shop.productstatus", "fields": {"status": "Featured", "can_buy": true, "display_to_user": true}}, {"pk": 4, "model": "shop.productstatus", "fields": {"status": "Out of Stock", "can_buy": false, "display_to_user": true}}, {"pk": 4, "model": "shop.product", "fields": {"category": 2, "status": 1, "code": "dildo", "description": "big dildo", "weight": 50, "title": "dildo", "wholesale_price": 50.0, "price": 50.0, "sizes": [], "related_products": [5, 1], "wholesale_tax_rate": null, "sites": [1], "minimum_quantity_wholesale": 1, "minimum_quantity": 1, "maximum_quantity": 20, "maximum_quantity_wholesale": 20, "styles": [], "tax_rate": null}}, {"pk": 2, "model": "shop.product", "fields": {"category": 2, "status": 4, "code": "bird-bath", "description": "bird bath bird bath bird bath bird bath bird bath bird bath bird bath bird bath bird bath bird bath bird bath bird bath bird bath bird bath bird bath bird bath bird bath bird bath bird bath bird bath bird bath bird bath bird bath bird bath bird bath bird bath bird bath bird bath bird bath bird bath bird bath bird bath bird bath bird bath bird bath bird bath bird bath bird bath bird bath bird bath bird bath bird bath bird bath bird bath bird bath bird bath bird bath bird bath bird bath bird bath bird bath bird bath bird bath bird bath bird bath bird bath bird bath bird bath bird bath bird bath bird bath bird bath bird bath bird bath bird bath bird bath bird bath bird bath bird bath bird bath ", "weight": 0, "title": "WWWWWWWWWWWWWWWWWWWWWWWWWWWWWWWWWWWWWW", "wholesale_price": 30.0, "price": 50.0, "sizes": [], "related_products": [1], "wholesale_tax_rate": 1, "sites": [1], "minimum_quantity_wholesale": 1, "minimum_quantity": 1, "maximum_quantity": 20, "maximum_quantity_wholesale": 20, "styles": [], "tax_rate": 1}}, {"pk": 5, "model": "shop.product", "fields": {"category": 2, "status": 1, "code": "tester", "description": "tester", "weight": 500, "title": "tester", "wholesale_price": 6.0, "price": 5.0, "sizes": [], "related_products": [4], "wholesale_tax_rate": null, "sites": [1], "minimum_quantity_wholesale": 1, "minimum_quantity": 1, "maximum_quantity": 20, "maximum_quantity_wholesale": 20, "styles": [], "tax_rate": null}}, {"pk": 3, "model": "shop.product", "fields": {"category": 2, "status": 3, "code": "monkey-house", "description": "Monkey House is cool and everything else is rather random Monkey House is cool and everything else is rather random Monkey House is cool and everything else is rather random Monkey House is cool and everything else is rather random Monkey House is cool and everything else is rather random Monkey House is cool and everything else is rather random Monkey House is cool and everything else is rather random ", "weight": 100, "title": "Monkey House ", "wholesale_price": 9.0, "price": 10.0, "sizes": [], "related_products": [1], "wholesale_tax_rate": 1, "sites": [1], "minimum_quantity_wholesale": 1, "minimum_quantity": 1, "maximum_quantity": 20, "maximum_quantity_wholesale": 200, "styles": [], "tax_rate": 1}}, {"pk": 1, "model": "shop.product", "fields": {"category": 2, "status": 3, "code": "snake", "description": "snakes are scary snakes are scary snakes are scary snakes are scary snakes are scary snakes are scary snakes are scary snakes are scary snakes are scary snakes are scary snakes are scary snakes are scary snakes are scary snakes are scary snakes are scary snakes are scary snakes are scary snakes are scary snakes are scary snakes are scary snakes are scary snakes are scary snakes are scary snakes are scary snakes are scary snakes are scary snakes are scary snakes are scary snakes are scary snakes are scary snakes are scary snakes are scary snakes are scary snakes are scary snakes are scary snakes are scary snakes are scary snakes are scary snakes are scary snakes are scary snakes are scary snakes are scary snakes are scary snakes are scary snakes are scary snakes are scary snakes are scary snakes are scary snakes are scary snakes are scary snakes are scary snakes are scary snakes are scary snakes are scary snakes are scary snakes are scary snakes are scary snakes are scary ", "weight": 5000, "title": "snake", "wholesale_price": 30.0, "price": 50.0, "sizes": [], "related_products": [4, 2, 3], "wholesale_tax_rate": 1, "sites": [1], "minimum_quantity_wholesale": 10, "minimum_quantity": 1, "maximum_quantity": 4, "maximum_quantity_wholesale": 50, "styles": [], "tax_rate": 1}}, {"pk": 1, "model": "shop.productimage", "fields": {"is_featured_image": false, "product": 2, "image": "images/guywithglasses_.jpg", "title": "Checking out the really cool bird bath"}}, {"pk": 2, "model": "shop.productimage", "fields": {"is_featured_image": false, "product": 1, "image": "images/IMAGE_141_.jpg", "title": "a snake"}}, {"pk": 5, "model": "shop.productimage", "fields": {"is_featured_image": false, "product": 3, "image": "images/Elin-Nordegren-Tiger-Woods.jpg", "title": "Tiger Woods"}}, {"pk": 6, "model": "shop.productimage", "fields": {"is_featured_image": false, "product": 4, "image": "images/IMAGE_141__.jpg", "title": "dildo"}}, {"pk": 7, "model": "shop.productimage", "fields": {"is_featured_image": false, "product": 5, "image": "images/2162-welcome-to-the-monkey-house_.jpg", "title": ""}}, {"pk": 1, "model": "shop.orderstatus", "fields": {"status": "In Progress"}}, {"pk": 2, "model": "shop.orderstatus", "fields": {"status": "Ordered"}}, {"pk": 3, "model": "shop.orderstatus", "fields": {"status": "Shipped"}}, {"pk": 4, "model": "shop.order", "fields": {"status": 2, "updated": "2010-03-02 13:32:51", "started": "2010-03-02 13:23:20", "is_wholesale": false, "shipping_charged": 10.779999999999999, "user": 11, "total_charged": 65.780000000000001, "tax_charged": 5.0}}, {"pk": 5, "model": "shop.order", "fields": {"status": 2, "updated": "2010-03-02 13:37:00", "started": "2010-03-02 13:33:06", "is_wholesale": false, "shipping_charged": 4.7850000000000001, "user": 11, "total_charged": 59.784999999999997, "tax_charged": 5.0}}, {"pk": 6, "model": "shop.order", "fields": {"status": 2, "updated": "2010-03-02 13:42:37", "started": "2010-03-02 13:40:26", "is_wholesale": false, "shipping_charged": 4.7850000000000001, "user": 11, "total_charged": 15.785, "tax_charged": 1.0}}, {"pk": 7, "model": "shop.order", "fields": {"status": 2, "updated": "2010-03-02 15:29:53", "started": "2010-03-02 13:42:57", "is_wholesale": false, "shipping_charged": 15.092000000000001, "user": 11, "total_charged": 1296.5920000000001, "tax_charged": 116.5}}, {"pk": 2, "model": "shop.order", "fields": {"status": 1, "updated": "2010-03-02 11:06:53", "started": "2010-02-16 11:18:30", "is_wholesale": false, "shipping_charged": 0.0, "user": null, "total_charged": 0.0, "tax_charged": 0.0}}, {"pk": 8, "model": "shop.order", "fields": {"status": 2, "updated": "2010-03-02 16:23:52", "started": "2010-03-02 15:35:25", "is_wholesale": true, "shipping_charged": 87.284999999999997, "user": 10, "total_charged": 417.28500000000003, "tax_charged": 30.0}}, {"pk": 9, "model": "shop.order", "fields": {"status": 2, "updated": "2010-03-02 16:25:07", "started": "2010-03-02 16:24:55", "is_wholesale": true, "shipping_charged": 88.869, "user": 10, "total_charged": 425.46899999999999, "tax_charged": 30.600000000000001}}, {"pk": 10, "model": "shop.order", "fields": {"status": 2, "updated": "2010-03-02 16:27:47", "started": "2010-03-02 16:27:38", "is_wholesale": true, "shipping_charged": 4.7850000000000001, "user": 10, "total_charged": 14.685, "tax_charged": 0.90000000000000002}}, {"pk": 11, "model": "shop.order", "fields": {"status": 1, "updated": "2010-03-03 09:41:39", "started": "2010-03-02 16:42:55", "is_wholesale": false, "shipping_charged": 4.7850000000000001, "user": null, "total_charged": 169.785, "tax_charged": 15.0}}, {"pk": 12, "model": "shop.order", "fields": {"status": 2, "updated": "2010-03-03 09:51:17", "started": "2010-03-03 09:49:02", "is_wholesale": true, "shipping_charged": 87.284999999999997, "user": 10, "total_charged": 417.28500000000003, "tax_charged": 30.0}}, {"pk": 3, "model": "shop.order", "fields": {"status": 1, "updated": "2010-03-02 13:10:48", "started": "2010-02-16 11:35:11", "is_wholesale": true, "shipping_charged": 4.7800000000000002, "user": 10, "total_charged": 24.579999999999998, "tax_charged": 1.8}}, {"pk": 6, "model": "shop.productorder", "fields": {"product": 1, "price": 30.0, "style": null, "quantity": 1, "order": 2, "size": null}}, {"pk": 17, "model": "shop.productorder", "fields": {"product": 3, "price": 9.0, "style": null, "quantity": 2, "order": 3, "size": null}}, {"pk": 18, "model": "shop.productorder", "fields": {"product": 1, "price": 50.0, "style": null, "quantity": 1, "order": 4, "size": null}}, {"pk": 19, "model": "shop.productorder", "fields": {"product": 4, "price": 50.0, "style": null, "quantity": 1, "order": 5, "size": null}}, {"pk": 20, "model": "shop.productorder", "fields": {"product": 3, "price": 10.0, "style": null, "quantity": 1, "order": 6, "size": null}}, {"pk": 21, "model": "shop.productorder", "fields": {"product": 5, "price": 5.0, "style": null, "quantity": 1, "order": 7, "size": null}}, {"pk": 22, "model": "shop.productorder", "fields": {"product": 3, "price": 10.0, "style": null, "quantity": 6, "order": 7, "size": null}}, {"pk": 23, "model": "shop.productorder", "fields": {"product": 1, "price": 50.0, "style": null, "quantity": 2, "order": 7, "size": null}}, {"pk": 24, "model": "shop.productorder", "fields": {"product": 4, "price": 50.0, "style": null, "quantity": 20, "order": 7, "size": null}}, {"pk": 25, "model": "shop.productorder", "fields": {"product": 1, "price": 30.0, "style": null, "quantity": 10, "order": 8, "size": null}}, {"pk": 26, "model": "shop.productorder", "fields": {"product": 5, "price": 6.0, "style": null, "quantity": 1, "order": 9, "size": null}}, {"pk": 27, "model": "shop.productorder", "fields": {"product": 1, "price": 30.0, "style": null, "quantity": 10, "order": 9, "size": null}}, {"pk": 28, "model": "shop.productorder", "fields": {"product": 3, "price": 9.0, "style": null, "quantity": 1, "order": 10, "size": null}}, {"pk": 30, "model": "shop.productorder", "fields": {"product": 1, "price": 30.0, "style": null, "quantity": 10, "order": 12, "size": null}}]
